"countries","dac","dist","colony"
"ABW","AUS",15237.5,0
"ABW","CAN",3573.887,0
"ABW","DEU",8034.389,0
"ABW","ESP",7121.524,0
"ABW","FRA",7685.884,0
"ABW","GBR",7541.243,0
"ABW","ITA",8480.133,0
"ABW","JPN",13815.84,0
"ABW","NLD",7896.896,1
"ABW","USA",3161.668,0
"AFG","AUS",11433.49,0
"AFG","CAN",10768.89,0
"AFG","DEU",5226.514,0
"AFG","ESP",6290.493,0
"AFG","FRA",5590.381,0
"AFG","GBR",5718.078,0
"AFG","ITA",4935.994,0
"AFG","JPN",6278.016,0
"AFG","NLD",5361.4,0
"AFG","USA",10847.88,0
"AGO","AUS",13528.2,0
"AGO","CAN",10904.94,0
"AGO","DEU",6738.352,0
"AGO","ESP",5752.252,0
"AGO","FRA",6510.322,0
"AGO","GBR",6837.594,0
"AGO","ITA",5645.243,0
"AGO","JPN",13861.75,0
"AGO","NLD",6856.132,0
"AGO","USA",10427.39,0
"AIA","AUS",16217.81,0
"AIA","CAN",3217.205,0
"AIA","DEU",7065.73,0
"AIA","ESP",6138.721,0
"AIA","FRA",6710.57,0
"AIA","GBR",6574.204,1
"AIA","ITA",7496.875,0
"AIA","JPN",13571.93,0
"AIA","NLD",6931.505,0
"AIA","USA",2717.069,0
"ALB","AUS",15722.44,0
"ALB","CAN",7606.625,0
"ALB","DEU",1493.096,0
"ALB","ESP",1977.061,0
"ALB","FRA",1603.534,0
"ALB","GBR",1895.345,0
"ALB","ITA",611.7626,0
"ALB","JPN",9501.873,0
"ALB","NLD",1664.815,0
"ALB","USA",7439.631,0
"AND","AUS",17230.53,0
"AND","CAN",6296.456,0
"AND","DEU",1080.611,0
"AND","ESP",492.9274,0
"AND","FRA",711.5485,0
"AND","GBR",1009.577,0
"AND","ITA",909.03,0
"AND","JPN",10354.8,0
"AND","NLD",1125.463,0
"AND","USA",6064.699,0
"ANT","AUS",15308.32,0
"ANT","CAN",3651.909,0
"ANT","DEU",7992.204,0
"ANT","ESP",7054.917,0
"ANT","FRA",7638.026,0
"ANT","GBR",7500.189,0
"ANT","ITA",8416.242,0
"ANT","JPN",13920.92,0
"ANT","NLD",7857.021,1
"ANT","USA",3227.007,0
"ARE","AUS",12092.16,0
"ARE","CAN",11105.9,0
"ARE","DEU",5004.562,0
"ARE","ESP",5634.667,0
"ARE","FRA",5249.535,0
"ARE","GBR",5483.745,1
"ARE","ITA",4303.976,0
"ARE","JPN",8062.889,0
"ARE","NLD",5170.816,0
"ARE","USA",11029.46,0
"ARG","AUS",11801.36,0
"ARG","CAN",8970.104,0
"ARG","DEU",11512.14,0
"ARG","ESP",10065.85,1
"ARG","FRA",11072.25,0
"ARG","GBR",11147.48,0
"ARG","ITA",11173.56,0
"ARG","JPN",18372.04,0
"ARG","NLD",11466.75,0
"ARG","USA",8542.694,0
"ARM","AUS",13666.9,0
"ARM","CAN",9139.136,0
"ARM","DEU",3126.056,0
"ARM","ESP",4040.452,0
"ARM","FRA",3434.071,0
"ARM","GBR",3619.365,0
"ARM","ITA",2677.67,0
"ARM","JPN",7943.638,0
"ARM","NLD",3282.178,0
"ARM","USA",9088.867,0
"ATG","AUS",16255.91,0
"ATG","CAN",3382.002,0
"ATG","DEU",7071.959,0
"ATG","ESP",6108.097,0
"ATG","FRA",6708.77,0
"ATG","GBR",6582.637,1
"ATG","ITA",7470.406,0
"ATG","JPN",13731.89,0
"ATG","NLD",6941.241,0
"ATG","USA",2876.399,0
"AUS","AUS",1042.817,0
"AUS","CAN",15586.66,0
"AUS","DEU",16562.72,0
"AUS","ESP",17699.45,0
"AUS","FRA",16975.46,0
"AUS","GBR",17011.27,1
"AUS","ITA",16333.25,0
"AUS","JPN",7831.446,0
"AUS","NLD",16658.11,0
"AUS","USA",16008.79,0
"AUT","AUS",15988.95,0
"AUT","CAN",6922.538,0
"AUT","DEU",763.7314,0
"AUT","ESP",1811.999,0
"AUT","FRA",1035.144,0
"AUT","GBR",1238.199,0
"AUT","ITA",767.4132,0
"AUT","JPN",9141.063,0
"AUT","NLD",934.7828,0
"AUT","USA",6798.701,0
"AZE","AUS",13244.84,0
"AZE","CAN",9390.014,0
"AZE","DEU",3485.098,0
"AZE","ESP",4470.745,0
"AZE","FRA",3817.547,0
"AZE","GBR",3980.449,0
"AZE","ITA",3113.878,0
"AZE","JPN",7537.544,0
"AZE","NLD",3633.827,0
"AZE","USA",9371.842,0
"BDI","AUS",12673.1,0
"BDI","CAN",11774.13,0
"BDI","DEU",6459.994,1
"BDI","ESP",5920.473,0
"BDI","FRA",6371.986,0
"BDI","GBR",6714.679,0
"BDI","ITA",5315.705,0
"BDI","JPN",12076.49,0
"BDI","NLD",6613.338,0
"BDI","USA",11382.61,0
"BEL","AUS",16759.6,0
"BEL","CAN",6031.534,0
"BEL","DEU",196.8761,0
"BEL","ESP",1316.64,0
"BEL","FRA",262.3845,0
"BEL","GBR",323.7796,0
"BEL","ITA",1174.904,0
"BEL","JPN",9463.263,0
"BEL","NLD",173.0333,0
"BEL","USA",5891.711,0
"BEN","AUS",15588.36,0
"BEN","CAN",8873.83,0
"BEN","DEU",5032.831,0
"BEN","ESP",3836.723,0
"BEN","FRA",4726.537,1
"BEN","GBR",5025.699,0
"BEN","ITA",4070.718,0
"BEN","JPN",13561.87,0
"BEN","NLD",5118.854,0
"BEN","USA",8416.831,0
"BFA","AUS",16383.96,0
"BFA","CAN",8088.204,0
"BFA","DEU",4425.02,0
"BFA","ESP",3132.095,0
"BFA","FRA",4082.87,1
"BFA","GBR",4361.322,0
"BFA","ITA",3564.484,0
"BFA","JPN",13325.56,0
"BFA","NLD",4492.509,0
"BFA","USA",7640.939,0
"BGD","AUS",9077.625,0
"BGD","CAN",12464.92,0
"BGD","DEU",7530.185,0
"BGD","ESP",8661.471,0
"BGD","FRA",7916.79,0
"BGD","GBR",8011.9,1
"BGD","ITA",7311.514,0
"BGD","JPN",4903.568,0
"BGD","NLD",7651.716,0
"BGD","USA",12680.43,0
"BGR","AUS",15449.53,0
"BGR","CAN",7729.773,0
"BGR","DEU",1571.797,0
"BGR","ESP",2254.799,0
"BGR","FRA",1760.707,0
"BGR","GBR",2019.341,0
"BGR","ITA",893.0574,0
"BGR","JPN",9191.48,0
"BGR","NLD",1745.082,0
"BGR","USA",7588.903,0
"BHR","AUS",12518.59,0
"BHR","CAN",10737.03,0
"BHR","DEU",4610.664,0
"BHR","ESP",5210.13,0
"BHR","FRA",4843.391,0
"BHR","GBR",5085.171,1
"BHR","ITA",3883.804,0
"BHR","JPN",8282.34,0
"BHR","NLD",4778.667,0
"BHR","USA",10643.58,0
"BHS","AUS",15278.03,0
"BHS","CAN",2074.812,0
"BHS","DEU",7479.404,0
"BHS","ESP",6901.421,0
"BHS","FRA",7209.45,0
"BHS","GBR",6990.248,1
"BHS","ITA",8174.021,0
"BHS","JPN",12227.93,0
"BHS","NLD",7320.031,0
"BHS","USA",1770.893,0
"BIH","AUS",15851.07,0
"BIH","CAN",7341.015,0
"BIH","DEU",1202.42,0
"BIH","ESP",1861.879,0
"BIH","FRA",1352.463,0
"BIH","GBR",1625.285,0
"BIH","ITA",531.7457,0
"BIH","JPN",9380.609,0
"BIH","NLD",1375.387,0
"BIH","USA",7188.323,0
"BLR","AUS",15157.96,0
"BLR","CAN",7158.217,0
"BLR","DEU",1405.056,0
"BLR","ESP",2762.7,0
"BLR","FRA",1823.709,0
"BLR","GBR",1873.072,0
"BLR","ITA",1732.921,0
"BLR","JPN",8145.003,0
"BLR","NLD",1512.952,0
"BLR","USA",7125.836,0
"BLZ","AUS",13821.95,0
"BLZ","CAN",3072.831,0
"BLZ","DEU",8917.346,0
"BLZ","ESP",8377.725,0
"BLZ","FRA",8664.439,0
"BLZ","GBR",8433.086,1
"BLZ","ITA",9645.203,0
"BLZ","JPN",12236.8,0
"BLZ","NLD",8754.366,0
"BLZ","USA",2979.495,0
"BMU","AUS",16692.54,0
"BMU","CAN",1792.637,0
"BMU","DEU",6050.847,0
"BMU","ESP",5440.475,0
"BMU","FRA",5764.324,0
"BMU","GBR",5558.09,1
"BMU","ITA",6714.033,0
"BMU","JPN",12047.48,0
"BMU","NLD",5895.736,0
"BMU","USA",1248.121,0
"BOL","AUS",13045.96,0
"BOL","CAN",6791.604,0
"BOL","DEU",10457.82,0
"BOL","ESP",9181.015,1
"BOL","FRA",10038.45,0
"BOL","GBR",10008.5,0
"BOL","ITA",10488.25,0
"BOL","JPN",16543.56,0
"BOL","NLD",10363.28,0
"BOL","USA",6400.357,0
"BRA","AUS",13371.76,0
"BRA","CAN",8191.353,0
"BRA","DEU",9847.663,0
"BRA","ESP",8389.78,0
"BRA","FRA",9408.406,0
"BRA","GBR",9501.71,0
"BRA","ITA",9482.516,0
"BRA","JPN",18549.61,0
"BRA","NLD",9810.82,0
"BRA","USA",7694.307,0
"BRB","AUS",16159.07,0
"BRB","CAN",3889.655,0
"BRB","DEU",7264.996,0
"BRB","ESP",6205.881,0
"BRB","FRA",6882.34,0
"BRB","GBR",6783.758,1
"BRB","ITA",7572.592,0
"BRB","JPN",14235.72,0
"BRB","NLD",7144.036,0
"BRB","USA",3381.507,0
"BRN","AUS",5756.495,0
"BRN","CAN",14437.83,0
"BRN","DEU",10811.99,0
"BRN","ESP",12015.61,0
"BRN","FRA",11219.33,0
"BRN","GBR",11275.72,1
"BRN","ITA",10673.06,0
"BRN","JPN",4260.378,0
"BRN","NLD",10917.29,0
"BRN","USA",14867.64,0
"BTN","AUS",9413.485,0
"BTN","CAN",12033.81,0
"BTN","DEU",7174.233,0
"BTN","ESP",8347.022,0
"BTN","FRA",7569.353,0
"BTN","GBR",7650.882,0
"BTN","ITA",7009.517,0
"BTN","JPN",4774.179,0
"BTN","NLD",7290.597,0
"BTN","USA",12250.78,0
"BWA","AUS",11312.15,0
"BWA","CAN",13081.88,0
"BWA","DEU",8683.136,0
"BWA","ESP",7875.38,0
"BWA","FRA",8522.764,0
"BWA","GBR",8862.068,1
"BWA","ITA",7543.876,0
"BWA","JPN",13671.53,0
"BWA","NLD",8821.605,0
"BWA","USA",12583.97,0
"CAF","AUS",14139.34,0
"CAF","CAN",10320.65,0
"CAF","DEU",5350.604,0
"CAF","ESP",4592.132,0
"CAF","FRA",5186.042,1
"CAF","GBR",5526.035,0
"CAF","ITA",4217.791,0
"CAF","JPN",12463.1,0
"CAF","NLD",5486.255,0
"CAF","USA",9918.684,0
"CAN","AUS",15586.66,0
"CAN","CAN",1187.996,0
"CAN","DEU",6160.559,0
"CAN","ESP",6040.498,0
"CAN","FRA",6004.645,1
"CAN","GBR",5715.747,1
"CAN","ITA",7089.198,0
"CAN","JPN",10358.49,0
"CAN","NLD",5988.239,0
"CAN","USA",548.3946,0
"CCK","AUS",5967.048,1
"CCK","CAN",16547.92,0
"CCK","DEU",11091.56,0
"CCK","ESP",11802.91,0
"CCK","FRA",11388.36,0
"CCK","GBR",11585.19,1
"CCK","ITA",10481.12,0
"CCK","JPN",7006.976,0
"CCK","NLD",11245.62,0
"CCK","USA",16764.67,0
"CHE","AUS",16673.2,0
"CHE","CAN",6440.717,0
"CHE","DEU",503.8007,0
"CHE","ESP",1153.117,0
"CHE","FRA",436.0778,0
"CHE","GBR",748.7117,0
"CHE","ITA",692.6592,0
"CHE","JPN",9680.594,0
"CHE","NLD",628.025,0
"CHE","USA",6272.285,0
"CHL","AUS",11353.72,0
"CHL","CAN",8632.244,0
"CHL","DEU",12098.41,0
"CHL","ESP",10715.11,1
"CHL","FRA",11663.39,0
"CHL","GBR",11685.42,0
"CHL","ITA",11923.97,0
"CHL","JPN",17247.38,0
"CHL","NLD",12027.16,0
"CHL","USA",8271.045,0
"CHN","AUS",8956.436,0
"CHN","CAN",10598.32,0
"CHN","DEU",7785.342,0
"CHN","ESP",9232.299,0
"CHN","FRA",8225.232,0
"CHN","GBR",8151.353,0
"CHN","ITA",8134.695,0
"CHN","JPN",2098.111,0
"CHN","NLD",7831.141,0
"CHN","USA",10993.68,0
"CIV","AUS",15950.81,0
"CIV","CAN",8431.855,0
"CIV","DEU",5236.513,0
"CIV","ESP",3906.717,0
"CIV","FRA",4884.159,1
"CIV","GBR",5152.519,0
"CIV","ITA",4386.772,0
"CIV","JPN",14108.31,0
"CIV","NLD",5298.531,0
"CIV","USA",7948.649,0
"CMR","AUS",14687.67,0
"CMR","CAN",9793.375,0
"CMR","DEU",5316.503,0
"CMR","ESP",4347.477,0
"CMR","FRA",5085.718,1
"CMR","GBR",5413.581,0
"CMR","ITA",4234.211,0
"CMR","JPN",13083.03,0
"CMR","NLD",5432.492,0
"CMR","USA",9359.483,0
"COG","AUS",13759.13,0
"COG","CAN",10713.35,0
"COG","DEU",6248.905,0
"COG","ESP",5332.644,0
"COG","FRA",6041.018,1
"COG","GBR",6373.541,0
"COG","ITA",5140.217,0
"COG","JPN",13371.68,0
"COG","NLD",6372.873,0
"COG","USA",10259.8,0
"COK","AUS",4993.979,0
"COK","CAN",10893.04,0
"COK","DEU",16474.39,0
"COK","ESP",16920.43,0
"COK","FRA",16568.87,0
"COK","GBR",16226.45,1
"COK","ITA",17620.41,0
"COK","JPN",8977.206,0
"COK","NLD",16324.53,0
"COK","USA",11196.47,0
"COL","AUS",14260.45,0
"COL","CAN",4363.174,0
"COL","DEU",9062.736,0
"COL","ESP",8107.001,1
"COL","FRA",8707.677,0
"COL","GBR",8570.659,0
"COL","ITA",9471.443,0
"COL","JPN",14262.86,0
"COL","NLD",8927.356,0
"COL","USA",4021.171,0
"COM","AUS",10894.3,0
"COM","CAN",13518.01,0
"COM","DEU",7847.916,0
"COM","ESP",7547.986,0
"COM","FRA",7842.67,1
"COM","GBR",8177.545,0
"COM","ITA",6740.349,0
"COM","JPN",11351.43,0
"COM","NLD",8014.141,0
"COM","USA",13150.82,0
"CPV","AUS",17855.77,0
"CPV","CAN",6150.237,0
"CPV","DEU",4889.913,0
"CPV","ESP",3425.471,0
"CPV","FRA",4452.386,0
"CPV","GBR",4572.15,0
"CPV","ITA",4571.382,0
"CPV","JPN",14133.65,0
"CPV","NLD",4863.254,0
"CPV","USA",5640.555,0
"CRI","AUS",13829.48,0
"CRI","CAN",3774.394,0
"CRI","DEU",9221.746,0
"CRI","ESP",8483.913,1
"CRI","FRA",8919.449,0
"CRI","GBR",8727.512,0
"CRI","ITA",9813.549,0
"CRI","JPN",13182.38,0
"CRI","NLD",9068.949,0
"CRI","USA",3564.9,0
"CUB","AUS",14717.39,0
"CUB","CAN",2302.272,0
"CUB","DEU",7986.025,0
"CUB","ESP",7450.005,1
"CUB","FRA",7729.485,0
"CUB","GBR",7500.414,0
"CUB","ITA",8710.583,0
"CUB","JPN",12127.1,0
"CUB","NLD",7823.974,0
"CUB","USA",2114.841,0
"CXR","AUS",5303.951,1
"CXR","CAN",16302.4,0
"CXR","DEU",11526.17,0
"CXR","ESP",12408.87,0
"CXR","FRA",11866.1,0
"CXR","GBR",12020.61,1
"CXR","ITA",11053.25,0
"CXR","JPN",6251.553,0
"CXR","NLD",11667.14,0
"CXR","USA",16657.66,0
"CYM","AUS",14619.49,0
"CYM","CAN",2716.584,0
"CYM","DEU",8238.333,0
"CYM","ESP",7615.294,0
"CYM","FRA",7960.709,0
"CYM","GBR",7747.743,1
"CYM","ITA",8907.688,0
"CYM","JPN",12535.78,0
"CYM","NLD",8080.208,0
"CYM","USA",2488.701,0
"CYP","AUS",14426.82,0
"CYP","CAN",8935.357,0
"CYP","DEU",2776.08,0
"CYP","ESP",3288.066,0
"CYP","FRA",2954.551,0
"CYP","GBR",3223.638,1
"CYP","ITA",1957.84,0
"CYP","JPN",9068.81,0
"CYP","NLD",2949.04,0
"CYP","USA",8790.811,0
"CZE","AUS",16097.52,0
"CZE","CAN",6687.748,0
"CZE","DEU",545.6255,0
"CZE","ESP",1776.348,0
"CZE","FRA",884.6105,0
"CZE","GBR",1036.988,0
"CZE","ITA",926.5591,0
"CZE","JPN",9082.237,0
"CZE","NLD",709.4576,0
"CZE","USA",6573.925,0
"DEU","AUS",16562.72,0
"DEU","CAN",6160.559,0
"DEU","DEU",224.8358,0
"DEU","ESP",1479.332,0
"DEU","FRA",439.8984,0
"DEU","GBR",495.3633,0
"DEU","ITA",1146.023,0
"DEU","JPN",9298.341,0
"DEU","NLD",173.5239,0
"DEU","USA",6035.334,0
"DJI","AUS",12390.16,0
"DJI","CAN",11577.94,0
"DJI","DEU",5505.173,0
"DJI","ESP",5585.897,0
"DJI","FRA",5595.459,1
"DJI","GBR",5905.048,0
"DJI","ITA",4495.316,0
"DJI","JPN",9852.563,0
"DJI","NLD",5678.008,0
"DJI","USA",11349.03,0
"DMA","AUS",16171.07,0
"DMA","CAN",3587.137,0
"DMA","DEU",7196.926,0
"DMA","ESP",6196.857,0
"DMA","FRA",6826.396,0
"DMA","GBR",6710.115,1
"DMA","ITA",7562.121,0
"DMA","JPN",13939.63,0
"DMA","NLD",7069.602,0
"DMA","USA",3084.049,0
"DNK","AUS",16054.1,0
"DNK","CAN",6257.225,0
"DNK","DEU",595.8536,0
"DNK","ESP",2074.977,0
"DNK","FRA",1027.609,0
"DNK","GBR",959.5936,0
"DNK","ITA",1534.086,0
"DNK","JPN",8702.536,0
"DNK","NLD",622.9741,0
"DNK","USA",6191.893,0
"DOM","AUS",15636.41,0
"DOM","CAN",2939.963,0
"DOM","DEU",7507.384,0
"DOM","ESP",6688.105,0
"DOM","FRA",7178.52,1
"DOM","GBR",7012.195,0
"DOM","ITA",8029.474,0
"DOM","JPN",13248.36,0
"DOM","NLD",7363.132,0
"DOM","USA",2508.955,0
"DZA","AUS",17139.16,0
"DZA","CAN",6747.007,0
"DZA","DEU",1658.841,0
"DZA","ESP",706.8757,0
"DZA","FRA",1340.39,1
"DZA","GBR",1651.441,0
"DZA","ITA",991.1346,0
"DZA","JPN",10810.22,0
"DZA","NLD",1733.388,0
"DZA","USA",6471.879,0
"ECU","AUS",13617.09,0
"ECU","CAN",4884.964,0
"ECU","DEU",9724.277,0
"ECU","ESP",8751.16,1
"ECU","FRA",9367.098,0
"ECU","GBR",9232.525,0
"ECU","ITA",10117.13,0
"ECU","JPN",14448.87,0
"ECU","NLD",9589.459,0
"ECU","USA",4584.073,0
"EGY","AUS",14425.52,0
"EGY","CAN",9217.863,0
"EGY","DEU",3111.573,0
"EGY","ESP",3355.657,0
"EGY","FRA",3215.215,0
"EGY","GBR",3516.866,1
"EGY","ITA",2133.612,0
"EGY","JPN",9577.598,0
"EGY","NLD",3284.383,0
"EGY","USA",9028.413,0
"ERI","AUS",13000.68,0
"ERI","CAN",10963.59,0
"ERI","DEU",4919.472,0
"ERI","ESP",4964.891,0
"ERI","FRA",4993.154,0
"ERI","GBR",5307.508,1
"ERI","ITA",3888.729,0
"ERI","JPN",9975.642,0
"ERI","NLD",5091.466,0
"ERI","USA",10729.35,0
"ESH","AUS",18360.17,0
"ESH","CAN",6110.595,0
"ESH","DEU",3190.601,0
"ESH","ESP",1712.585,1
"ESH","FRA",2759.848,0
"ESH","GBR",2920.741,0
"ESH","ITA",2850.426,0
"ESH","JPN",12484.86,0
"ESH","NLD",3181.494,0
"ESH","USA",5697.897,0
"ESP","AUS",17699.45,0
"ESP","CAN",6040.498,0
"ESP","DEU",1479.332,0
"ESP","ESP",267.5404,0
"ESP","FRA",1054.656,0
"ESP","GBR",1263.379,0
"ESP","ITA",1366.76,0
"ESP","JPN",10777.42,0
"ESP","NLD",1481.366,0
"ESP","USA",5770.264,1
"EST","AUS",15241.88,0
"EST","CAN",6645.816,0
"EST","DEU",1421.076,0
"EST","ESP",2895.384,0
"EST","FRA",1859.091,0
"EST","GBR",1787.092,0
"EST","ITA",2126.436,0
"EST","JPN",7890.779,0
"EST","NLD",1459.083,0
"EST","USA",6653.48,0
"ETH","AUS",12635.79,0
"ETH","CAN",11491.9,0
"ETH","DEU",5541.322,0
"ETH","ESP",5455.203,0
"ETH","FRA",5582.502,0
"ETH","GBR",5906.45,0
"ETH","ITA",4472.661,0
"ETH","JPN",10401.23,0
"ETH","NLD",5711.346,0
"ETH","USA",11220.63,0
"FIN","AUS",15211.41,0
"FIN","CAN",6610.818,0
"FIN","DEU",1474.956,0
"FIN","ESP",2952.195,0
"FIN","FRA",1911.138,0
"FIN","GBR",1826.928,0
"FIN","ITA",2203.158,0
"FIN","JPN",7830.051,0
"FIN","NLD",1505.523,0
"FIN","USA",6625.923,0
"FJI","AUS",3224.041,0
"FJI","CAN",12366.59,0
"FJI","DEU",16247.89,0
"FJI","ESP",17545.32,0
"FJI","FRA",16595.08,0
"FJI","GBR",16318.07,1
"FJI","ITA",17071.74,0
"FJI","JPN",7243.281,0
"FJI","NLD",16183.67,0
"FJI","USA",12785.54,0
"FLK","AUS",10096.16,0
"FLK","CAN",10813.12,0
"FLK","DEU",12991.32,0
"FLK","ESP",11512.18,1
"FLK","FRA",12560.39,0
"FLK","GBR",12696.32,1
"FLK","ITA",12425.37,0
"FLK","JPN",17767.92,0
"FLK","NLD",12979.26,0
"FLK","USA",10407.93,0
"FRA","AUS",16975.46,0
"FRA","CAN",6004.645,1
"FRA","DEU",439.8984,0
"FRA","ESP",1054.656,0
"FRA","FRA",278.1876,0
"FRA","GBR",342.9475,0
"FRA","ITA",1109.901,0
"FRA","JPN",9725.629,0
"FRA","NLD",427.9169,0
"FRA","USA",5838.157,1
"FRO","AUS",16536.22,0
"FRO","CAN",4973.24,0
"FRO","DEU",1436.932,0
"FRO","ESP",2412.813,0
"FRO","FRA",1568.769,0
"FRO","GBR",1236.301,0
"FRO","ITA",2579.003,0
"FRO","JPN",8752.655,0
"FRO","NLD",1281.368,0
"FRO","USA",4946.012,0
"FSM","AUS",4602.055,0
"FSM","CAN",11969.61,0
"FSM","DEU",12979.78,1
"FSM","ESP",14450.74,1
"FSM","FRA",13396.33,0
"FSM","GBR",13212.55,0
"FSM","ITA",13583.05,0
"FSM","JPN",3715.06,1
"FSM","NLD",12969.38,0
"FSM","USA",12515.13,1
"GAB","AUS",14576.87,0
"GAB","CAN",9890.57,0
"GAB","DEU",5690.174,0
"GAB","ESP",4649.618,0
"GAB","FRA",5438.787,1
"GAB","GBR",5760.095,0
"GAB","ITA",4629.279,0
"GAB","JPN",13518.48,0
"GAB","NLD",5799.191,0
"GAB","USA",9434.418,0
"GBR","AUS",17011.27,1
"GBR","CAN",5715.747,1
"GBR","DEU",495.3633,0
"GBR","ESP",1263.379,0
"GBR","FRA",342.9475,0
"GBR","GBR",185.8346,0
"GBR","ITA",1438.425,0
"GBR","JPN",9574.237,0
"GBR","NLD",360.315,0
"GBR","USA",5570.161,1
"GEO","AUS",13695.83,0
"GEO","CAN",9019.536,0
"GEO","DEU",3049.704,0
"GEO","ESP",4020.387,0
"GEO","FRA",3373.349,0
"GEO","GBR",3544.626,0
"GEO","ITA",2665.359,0
"GEO","JPN",7832.76,0
"GEO","NLD",3201.787,0
"GEO","USA",8980.505,0
"GHA","AUS",15717.05,0
"GHA","CAN",8716.146,0
"GHA","DEU",5154.183,0
"GHA","ESP",3896.073,0
"GHA","FRA",4827.292,0
"GHA","GBR",5114.203,1
"GHA","ITA",4236.602,0
"GHA","JPN",13830.76,0
"GHA","NLD",5230.238,0
"GHA","USA",8246.163,0
"GIB","AUS",17883.77,0
"GIB","CAN",6166.289,0
"GIB","DEU",1967.273,0
"GIB","ESP",497.6063,0
"GIB","FRA",1549.175,0
"GIB","GBR",1759.095,1
"GIB","ITA",1667.082,0
"GIB","JPN",11264.08,0
"GIB","NLD",1976.745,0
"GIB","USA",5852.045,0
"GIN","AUS",17008.56,0
"GIN","CAN",7177.375,0
"GIN","DEU",5106.668,0
"GIN","ESP",3637.762,0
"GIN","FRA",4691.556,1
"GIN","GBR",4883.128,0
"GIN","ITA",4537.205,0
"GIN","JPN",14383.76,0
"GIN","NLD",5118.922,0
"GIN","USA",6672.73,0
"GLP","AUS",16189.21,0
"GLP","CAN",3500.679,0
"GLP","DEU",7161.309,0
"GLP","ESP",6177.53,0
"GLP","FRA",6794.139,1
"GLP","GBR",6673.271,0
"GLP","ITA",7541.677,0
"GLP","JPN",13853.44,0
"GLP","NLD",7032.384,0
"GLP","USA",2997.893,0
"GMB","AUS",17449.47,0
"GMB","CAN",6801.282,0
"GMB","DEU",4730.976,0
"GMB","ESP",3253.898,0
"GMB","FRA",4308.25,0
"GMB","GBR",4484.335,1
"GMB","ITA",4231.457,0
"GMB","JPN",14027.13,0
"GMB","NLD",4733.77,0
"GMB","USA",6307.115,0
"GNB","AUS",17241.67,0
"GNB","CAN",7002.124,0
"GNB","DEU",4858.305,0
"GNB","ESP",3386.208,0
"GNB","FRA",4440.633,0
"GNB","GBR",4627.791,0
"GNB","ITA",4314.739,0
"GNB","JPN",14144.45,0
"GNB","NLD",4867.571,0
"GNB","USA",6505.373,0
"GNQ","AUS",14894.97,0
"GNQ","CAN",9582.474,0
"GNQ","DEU",5313.557,0
"GNQ","ESP",4270.053,1
"GNQ","FRA",5058.926,0
"GNQ","GBR",5379.635,0
"GNQ","ITA",4260.175,0
"GNQ","JPN",13305.85,0
"GNQ","NLD",5421.13,0
"GNQ","USA",9137.71,0
"GRC","AUS",15337.68,0
"GRC","CAN",8103.304,0
"GRC","DEU",1990.582,0
"GRC","ESP",2372.903,0
"GRC","FRA",2098.726,0
"GRC","GBR",2394.85,0
"GRC","ITA",1050.411,0
"GRC","JPN",9517.985,0
"GRC","NLD",2162.912,0
"GRC","USA",7929.328,0
"GRD","AUS",15910.92,0
"GRD","CAN",3901.79,0
"GRD","DEU",7499.045,0
"GRD","ESP",6455.562,0
"GRD","FRA",7120.287,0
"GRD","GBR",7015.669,1
"GRD","ITA",7822.319,0
"GRD","JPN",14260.26,0
"GRD","NLD",7375.779,0
"GRD","USA",3410.385,0
"GRL","AUS",16317.08,0
"GRL","CAN",2868.995,0
"GRL","DEU",3597.458,0
"GRL","ESP",4045.646,0
"GRL","FRA",3584.681,0
"GRL","GBR",3248.723,0
"GRL","ITA",4686.165,0
"GRL","JPN",8874.762,0
"GRL","NLD",3427.015,0
"GRL","USA",2978.063,0
"GTM","AUS",13518.06,0
"GTM","CAN",3398.818,0
"GTM","DEU",9256.591,0
"GTM","ESP",8700.88,1
"GTM","FRA",9001.048,0
"GTM","GBR",8771.687,0
"GTM","ITA",9976.035,0
"GTM","JPN",12332.35,0
"GTM","NLD",9093.943,0
"GTM","USA",3318.143,0
"GUF","AUS",15999.24,0
"GUF","CAN",5059.639,0
"GUF","DEU",7503.667,0
"GUF","ESP",6247.964,0
"GUF","FRA",7084.598,1
"GUF","GBR",7056.67,0
"GUF","ITA",7580.47,0
"GUF","JPN",15342.09,0
"GUF","NLD",7410.357,0
"GUF","USA",4535.412,0
"GUY","AUS",15767.02,0
"GUY","CAN",4597.552,0
"GUY","DEU",7722.085,0
"GUY","ESP",6559.739,0
"GUY","FRA",7320.075,0
"GUY","GBR",7254.288,1
"GUY","ITA",7916.695,0
"GUY","JPN",14952.15,0
"GUY","NLD",7613.425,0
"GUY","USA",4096.591,0
"HKG","AUS",7377.491,0
"HKG","CAN",12568.15,0
"HKG","DEU",9209.702,0
"HKG","ESP",10551.06,0
"HKG","FRA",9639.476,0
"HKG","GBR",9638.419,1
"HKG","ITA",9289.38,0
"HKG","JPN",2891.225,0
"HKG","NLD",9290.671,0
"HKG","USA",12969.58,0
"HND","AUS",13788.73,0
"HND","CAN",3374.839,0
"HND","DEU",9083.054,0
"HND","ESP",8463.837,1
"HND","FRA",8810.234,0
"HND","GBR",8593.704,0
"HND","ITA",9759.432,0
"HND","JPN",12611.31,0
"HND","NLD",8923.632,0
"HND","USA",3234.232,0
"HRV","AUS",16041.65,0
"HRV","CAN",7055.769,0
"HRV","DEU",912.2662,0
"HRV","ESP",1702.46,0
"HRV","FRA",1081.762,0
"HRV","GBR",1341.216,0
"HRV","ITA",517.0557,0
"HRV","JPN",9358.526,0
"HRV","NLD",1085.255,0
"HRV","USA",6909.169,0
"HTI","AUS",15408.26,0
"HTI","CAN",2870.515,0
"HTI","DEU",7679.781,0
"HTI","ESP",6900.858,0
"HTI","FRA",7361.197,0
"HTI","GBR",7184.438,0
"HTI","ITA",8234.053,0
"HTI","JPN",13116.13,0
"HTI","NLD",7532.215,0
"HTI","USA",2475.965,0
"HUN","AUS",15795.78,0
"HUN","CAN",7131.152,0
"HUN","DEU",976.2567,0
"HUN","ESP",1977.705,0
"HUN","FRA",1247.24,0
"HUN","GBR",1453.666,0
"HUN","ITA",811.4083,0
"HUN","JPN",9058.923,0
"HUN","NLD",1145.901,0
"HUN","USA",7011.543,0
"IDN","AUS",5511.902,0
"IDN","CAN",15815.39,0
"IDN","DEU",11227.22,0
"IDN","ESP",12188.31,0
"IDN","FRA",11584.25,0
"IDN","GBR",11718.78,0
"IDN","ITA",10823.78,0
"IDN","JPN",5791.627,0
"IDN","NLD",11361.64,1
"IDN","USA",16180.32,0
"IND","AUS",10435.1,0
"IND","CAN",11643.63,0
"IND","DEU",6229.637,0
"IND","ESP",7282.046,0
"IND","FRA",6594.23,0
"IND","GBR",6720.636,1
"IND","ITA",5922.222,0
"IND","JPN",5847.71,0
"IND","NLD",6363.421,0
"IND","USA",11761.81,0
"IRL","AUS",17230.5,0
"IRL","CAN",5256.649,0
"IRL","DEU",920.8693,0
"IRL","ESP",1450.236,0
"IRL","FRA",778.2031,0
"IRL","GBR",460.4115,1
"IRL","ITA",1887.733,0
"IRL","JPN",9599.005,0
"IRL","NLD",756.7269,0
"IRL","USA",5117.716,0
"IRN","AUS",12915.79,0
"IRN","CAN",9900.537,0
"IRN","DEU",3914.946,0
"IRN","ESP",4784.696,0
"IRN","FRA",4218.442,0
"IRN","GBR",4408.013,0
"IRN","ITA",3417.937,0
"IRN","JPN",7672.881,0
"IRN","NLD",4071.167,0
"IRN","USA",9865.231,0
"IRQ","AUS",13400.57,0
"IRQ","CAN",9743.38,0
"IRQ","DEU",3621.25,0
"IRQ","ESP",4304.903,0
"IRQ","FRA",3867.434,0
"IRQ","GBR",4099.578,0
"IRQ","ITA",2952.038,0
"IRQ","JPN",8356.103,0
"IRQ","NLD",3788.199,0
"IRQ","USA",9651.111,0
"ISL","AUS",16632.49,0
"ISL","CAN",4197.29,0
"ISL","DEU",2189.024,0
"ISL","ESP",2894.701,0
"ISL","FRA",2234.723,0
"ISL","GBR",1891.859,0
"ISL","ITA",3307.978,0
"ISL","JPN",8808.42,0
"ISL","NLD",2022.635,0
"ISL","USA",4201.936,0
"ISR","AUS",14191.52,0
"ISR","CAN",9276.556,0
"ISR","DEU",3122.905,0
"ISR","ESP",3546.182,0
"ISR","FRA",3281.899,0
"ISR","GBR",3561.059,1
"ISR","ITA",2250.53,0
"ISR","JPN",9174.412,0
"ISR","NLD",3296.282,0
"ISR","USA",9119.813,0
"ITA","AUS",16333.25,0
"ITA","CAN",7089.198,0
"ITA","DEU",1146.023,0
"ITA","ESP",1366.76,0
"ITA","FRA",1109.901,0
"ITA","GBR",1438.425,0
"ITA","ITA",206.4667,0
"ITA","JPN",9869.275,0
"ITA","NLD",1297.695,0
"ITA","USA",6895.107,0
"JAM","AUS",14968.03,0
"JAM","CAN",2868.783,0
"JAM","DEU",8037.315,0
"JAM","ESP",7317.881,0
"JAM","FRA",7734.696,0
"JAM","GBR",7542.905,1
"JAM","ITA",8637.783,0
"JAM","JPN",12929.15,0
"JAM","NLD",7885.116,0
"JAM","USA",2549.896,0
"JOR","AUS",14083.24,0
"JOR","CAN",9360.481,0
"JOR","DEU",3202.998,0
"JOR","ESP",3651.507,0
"JOR","FRA",3371.398,0
"JOR","GBR",3646.355,1
"JOR","ITA",2349.238,0
"JOR","JPN",9095.954,0
"JOR","NLD",3376.146,0
"JOR","USA",9209.496,0
"JPN","AUS",7831.446,0
"JPN","CAN",10358.49,0
"JPN","DEU",9298.341,0
"JPN","ESP",10777.42,0
"JPN","FRA",9725.629,0
"JPN","GBR",9574.237,0
"JPN","ITA",9869.275,0
"JPN","JPN",231.188,0
"JPN","NLD",9303.377,0
"JPN","USA",10855.59,0
"KAZ","AUS",11415.23,0
"KAZ","CAN",10079.05,0
"KAZ","DEU",5148.398,0
"KAZ","ESP",6423.357,0
"KAZ","FRA",5561.785,0
"KAZ","GBR",5610.276,0
"KAZ","ITA",5149.272,0
"KAZ","JPN",5334.946,0
"KAZ","NLD",5251.808,0
"KAZ","USA",10240.88,0
"KEN","AUS",12158.13,0
"KEN","CAN",12195.27,0
"KEN","DEU",6509.792,0
"KEN","ESP",6196.96,0
"KEN","FRA",6491.402,0
"KEN","GBR",6827.827,1
"KEN","ITA",5392.694,0
"KEN","JPN",11265.97,0
"KEN","NLD",6674.031,0
"KEN","USA",11853.13,0
"KGZ","AUS",11550.83,0
"KGZ","CAN",10058.08,0
"KGZ","DEU",5016.011,0
"KGZ","ESP",6270.474,0
"KGZ","FRA",5424.702,0
"KGZ","GBR",5483.192,0
"KGZ","ITA",4985.388,0
"KGZ","JPN",5529.738,0
"KGZ","NLD",5123.767,0
"KGZ","USA",10203.99,0
"KHM","AUS",7037.221,0
"KHM","CAN",13870.98,0
"KHM","DEU",9552.044,0
"KHM","ESP",10707.77,0
"KHM","FRA",9947.79,1
"KHM","GBR",10026.82,0
"KHM","ITA",9357.015,0
"KHM","JPN",4409.127,0
"KHM","NLD",9666.672,0
"KHM","USA",14208.13,0
"KIR","AUS",4549.427,0
"KIR","CAN",11304.19,0
"KIR","DEU",14008.35,0
"KIR","ESP",15370.67,0
"KIR","FRA",14371.47,0
"KIR","GBR",14114.23,1
"KIR","ITA",14838.9,0
"KIR","JPN",5142.157,0
"KIR","NLD",13952.75,0
"KIR","USA",11815.61,0
"KNA","AUS",16189.28,0
"KNA","CAN",3327.077,0
"KNA","DEU",7120.265,0
"KNA","ESP",6172.208,0
"KNA","FRA",6760.687,0
"KNA","GBR",6629.86,1
"KNA","ITA",7532.995,0
"KNA","JPN",13682.17,0
"KNA","NLD",6987.902,0
"KNA","USA",2827.367,0
"KOR","AUS",8329.652,0
"KOR","CAN",10617.7,0
"KOR","DEU",8543.784,0
"KOR","ESP",10012.64,0
"KOR","FRA",8981.467,0
"KOR","GBR",8875.39,0
"KOR","ITA",8982.659,0
"KOR","JPN",1156.67,1
"KOR","NLD",8573.183,0
"KOR","USA",11065.7,0
"KWT","AUS",12907.86,0
"KWT","CAN",10302.77,0
"KWT","DEU",4177.56,0
"KWT","ESP",4809.398,0
"KWT","FRA",4415.222,0
"KWT","GBR",4653.481,1
"KWT","ITA",3471.372,0
"KWT","JPN",8313.143,0
"KWT","NLD",4345.208,0
"KWT","USA",10209.52,0
"LAO","AUS",7731.611,0
"LAO","CAN",13171.04,0
"LAO","DEU",8842.204,0
"LAO","ESP",10040.42,0
"LAO","FRA",9245.57,1
"LAO","GBR",9311.193,0
"LAO","ITA",8703.752,0
"LAO","JPN",4143.801,0
"LAO","NLD",8951.699,0
"LAO","USA",13487.61,0
"LBN","AUS",14194.54,0
"LBN","CAN",9173.474,0
"LBN","DEU",3013.148,0
"LBN","ESP",3524.9,0
"LBN","FRA",3197.032,1
"LBN","GBR",3464.002,0
"LBN","ITA",2199.887,0
"LBN","JPN",8999.5,0
"LBN","NLD",3185.802,0
"LBN","USA",9032.354,0
"LBR","AUS",16446.83,0
"LBR","CAN",7815.56,0
"LBR","DEU",5283.326,0
"LBR","ESP",3858.067,0
"LBR","FRA",4892.298,1
"LBR","GBR",5121.267,0
"LBR","ITA",4575.671,0
"LBR","JPN",14433.92,0
"LBR","NLD",5318.604,0
"LBR","USA",7315.249,0
"LBY","AUS",16157.12,0
"LBY","CAN",7758.984,0
"LBY","DEU",2143.809,0
"LBY","ESP",1726.345,0
"LBY","FRA",2007.716,0
"LBY","GBR",2350.661,0
"LBY","ITA",1019.841,1
"LBY","JPN",10607.65,0
"LBY","NLD",2281.397,0
"LBY","USA",7496.542,0
"LCA","AUS",16114.25,0
"LCA","CAN",3734.94,0
"LCA","DEU",7279.451,0
"LCA","ESP",6253.771,0
"LCA","FRA",6903.772,0
"LCA","GBR",6794.753,1
"LCA","ITA",7620.192,0
"LCA","JPN",14088.41,0
"LCA","NLD",7154.686,0
"LCA","USA",3232.885,0
"LKA","AUS",8751.808,0
"LKA","CAN",14029.91,0
"LKA","DEU",8232.307,0
"LKA","ESP",8975.765,0
"LKA","FRA",8526.015,0
"LKA","GBR",8725.037,1
"LKA","ITA",7635.494,0
"LKA","JPN",6861.33,0
"LKA","NLD",8388.237,0
"LKA","USA",14093.15,0
"LSO","AUS",10838.48,0
"LSO","CAN",13511.57,0
"LSO","DEU",9212.81,0
"LSO","ESP",8403.123,0
"LSO","FRA",9054.14,0
"LSO","GBR",9393.496,1
"LSO","ITA",8072.605,0
"LSO","JPN",13760.53,0
"LSO","NLD",9351.925,0
"LSO","USA",13001.46,0
"LTU","AUS",15291.39,0
"LTU","CAN",6989.555,0
"LTU","DEU",1272.883,0
"LTU","ESP",2666.384,0
"LTU","FRA",1700.296,0
"LTU","GBR",1729.554,0
"LTU","ITA",1706.051,0
"LTU","JPN",8197.214,0
"LTU","NLD",1370.703,0
"LTU","USA",6956.313,0
"LUX","AUS",16686.87,0
"LUX","CAN",6209.579,0
"LUX","DEU",215.9864,0
"LUX","ESP",1281.233,0
"LUX","FRA",289.1023,0
"LUX","GBR",494.0174,0
"LUX","ITA",989.5763,0
"LUX","JPN",9500.391,0
"LUX","NLD",318.3489,1
"LUX","USA",6062.731,0
"LVA","AUS",15331.2,0
"LVA","CAN",6776.347,0
"LVA","DEU",1265.433,0
"LVA","ESP",2715.85,0
"LVA","FRA",1704.598,0
"LVA","GBR",1680.389,0
"LVA","ITA",1869.574,0
"LVA","JPN",8094.411,0
"LVA","NLD",1332.481,0
"LVA","USA",6759.198,0
"MAC","AUS",7411.163,0
"MAC","CAN",12578.72,0
"MAC","DEU",9172.872,0
"MAC","ESP",10509.64,0
"MAC","FRA",9601.923,0
"MAC","GBR",9603.494,0
"MAC","ITA",9244.462,0
"MAC","JPN",2939.847,0
"MAC","NLD",9255.022,0
"MAC","USA",12976.25,0
"MAR","AUS",18008.29,0
"MAR","CAN",6177.698,0
"MAR","DEU",2237.169,0
"MAR","ESP",762.6525,0
"MAR","FRA",1816.853,1
"MAR","GBR",2017.175,0
"MAR","ITA",1903.561,0
"MAR","JPN",11534.55,0
"MAR","NLD",2243.923,0
"MAR","USA",5840.309,0
"MDA","AUS",15056.51,0
"MDA","CAN",7732.758,0
"MDA","DEU",1656.772,0
"MDA","ESP",2697.714,0
"MDA","FRA",1976.854,0
"MDA","GBR",2150.279,0
"MDA","ITA",1413.827,0
"MDA","JPN",8546.01,0
"MDA","NLD",1813.739,0
"MDA","USA",7650.435,0
"MDG","AUS",10050.92,0
"MDG","CAN",14397.06,0
"MDG","DEU",8764.171,0
"MDG","ESP",8460.734,0
"MDG","FRA",8763.332,1
"MDG","GBR",9097.793,0
"MDG","ITA",7660.201,0
"MDG","JPN",11423.11,0
"MDG","NLD",8931.112,0
"MDG","USA",14006.81,0
"MDV","AUS",9147.749,0
"MDV","CAN",14056.75,0
"MDV","DEU",8042.136,0
"MDV","ESP",8631.48,0
"MDV","FRA",8294.178,0
"MDV","GBR",8525.089,1
"MDV","ITA",7330.813,0
"MDV","JPN",7611.875,0
"MDV","NLD",8206.194,0
"MDV","USA",14037.78,0
"MEX","AUS",12985.17,0
"MEX","CAN",3267.29,0
"MEX","DEU",9399.781,0
"MEX","ESP",9073.951,1
"MEX","FRA",9206.813,0
"MEX","GBR",8938.404,0
"MEX","ITA",10254.87,0
"MEX","JPN",11312.39,0
"MEX","NLD",9229.362,0
"MEX","USA",3369.053,0
"MHL","AUS",5032.042,0
"MHL","CAN",10995.13,0
"MHL","DEU",13337.16,0
"MHL","ESP",14714.1,0
"MHL","FRA",13705.24,0
"MHL","GBR",13454.02,0
"MHL","ITA",14161.74,0
"MHL","JPN",4509.069,0
"MHL","NLD",13284.67,0
"MHL","USA",11523.39,0
"MKD","AUS",15592.61,0
"MKD","CAN",7663.844,0
"MKD","DEU",1521.612,0
"MKD","ESP",2108.379,0
"MKD","FRA",1672.04,0
"MKD","GBR",1948.1,0
"MKD","ITA",742.0995,0
"MKD","JPN",9352.046,0
"MKD","NLD",1694.944,0
"MKD","USA",7509.486,0
"MLI","AUS",16866.65,0
"MLI","CAN",7554.844,0
"MLI","DEU",4524.183,0
"MLI","ESP",3116.63,0
"MLI","FRA",4139.756,1
"MLI","GBR",4379.194,0
"MLI","ITA",3809.006,0
"MLI","JPN",13672.71,0
"MLI","NLD",4564.502,0
"MLI","USA",7086.209,0
"MLT","AUS",16101.02,0
"MLT","CAN",7636.041,0
"MLT","DEU",1833.687,0
"MLT","ESP",1670.797,0
"MLT","FRA",1752.693,0
"MLT","GBR",2092.273,1
"MLT","ITA",688.7803,0
"MLT","JPN",10256.82,0
"MLT","NLD",1981.948,0
"MLT","USA",7403.357,0
"MMR","AUS",8107.946,0
"MMR","CAN",13292.35,0
"MMR","DEU",8508.293,0
"MMR","ESP",9620.679,0
"MMR","FRA",8892.726,0
"MMR","GBR",8990.69,1
"MMR","ITA",8264.19,0
"MMR","JPN",4781.767,0
"MMR","NLD",8630.553,0
"MMR","USA",13550.22,0
"MNG","AUS",10114.63,0
"MNG","CAN",9826.038,0
"MNG","DEU",6613.546,0
"MNG","ESP",8063.195,0
"MNG","FRA",7053.423,0
"MNG","GBR",6980.086,0
"MNG","ITA",6987.772,0
"MNG","JPN",3018.842,0
"MNG","NLD",6659.134,0
"MNG","USA",10166.81,0
"MNP","AUS",5493.063,0
"MNP","CAN",12037.94,0
"MNP","DEU",11608.55,1
"MNP","ESP",13085.55,1
"MNP","FRA",12042.09,0
"MNP","GBR",11908.89,0
"MNP","ITA",12075.49,0
"MNP","JPN",2355.004,1
"MNP","NLD",11625.23,0
"MNP","USA",12578.15,1
"MOZ","AUS",10738.99,0
"MOZ","CAN",13696.58,0
"MOZ","DEU",8975.49,0
"MOZ","ESP",8288.236,0
"MOZ","FRA",8855.655,0
"MOZ","GBR",9198.161,0
"MOZ","ITA",7829.499,0
"MOZ","JPN",13143.46,0
"MOZ","NLD",9123.539,0
"MOZ","USA",13211.03,0
"MRT","AUS",17865.14,0
"MRT","CAN",6509.204,0
"MRT","DEU",4221.304,0
"MRT","ESP",2742.221,0
"MRT","FRA",3794.96,1
"MRT","GBR",3963.592,0
"MRT","ITA",3774.411,0
"MRT","JPN",13519.62,0
"MRT","NLD",4219.005,0
"MRT","USA",6036.351,0
"MSR","AUS",16194.52,0
"MSR","CAN",3408.298,0
"MSR","DEU",7135.144,0
"MSR","ESP",6169.927,0
"MSR","FRA",6771.885,0
"MSR","GBR",6645.817,1
"MSR","ITA",7532.479,0
"MSR","JPN",13762.1,0
"MSR","NLD",7004.416,0
"MSR","USA",2906.769,0
"MTQ","AUS",16147.37,0
"MTQ","CAN",3671.398,0
"MTQ","DEU",7236.228,0
"MTQ","ESP",6220.881,0
"MTQ","FRA",6862.589,1
"MTQ","GBR",6750.662,0
"MTQ","ITA",7586.923,0
"MTQ","JPN",14023.92,0
"MTQ","NLD",7110.438,0
"MTQ","USA",3168.337,0
"MUS","AUS",9105.979,0
"MUS","CAN",15270.32,0
"MUS","DEU",9364.408,0
"MUS","ESP",9246.002,0
"MUS","FRA",9422.744,0
"MUS","GBR",9744.353,1
"MUS","ITA",8313.152,0
"MUS","JPN",10643.99,0
"MUS","NLD",9536.271,0
"MUS","USA",14928.16,0
"MWI","AUS",11533.4,0
"MWI","CAN",12944.85,0
"MWI","DEU",7732.286,0
"MWI","ESP",7186.515,0
"MWI","FRA",7650.657,0
"MWI","GBR",7993.257,1
"MWI","ITA",6589.733,0
"MWI","JPN",12345.96,0
"MWI","NLD",7887.344,0
"MWI","USA",12519.82,0
"MYS","AUS",6617.087,0
"MYS","CAN",14825.78,0
"MYS","DEU",10070.46,0
"MYS","ESP",11084.66,0
"MYS","FRA",10436.4,0
"MYS","GBR",10559.89,1
"MYS","ITA",9717.922,0
"MYS","JPN",5329.095,0
"MYS","NLD",10201.5,0
"MYS","USA",15130.12,0
"NAM","AUS",12088.9,0
"NAM","CAN",12231.22,0
"NAM","DEU",8299.138,1
"NAM","ESP",7334.44,0
"NAM","FRA",8084.97,0
"NAM","GBR",8414.729,0
"NAM","ITA",7188.876,0
"NAM","JPN",14350.9,0
"NAM","NLD",8422.152,0
"NAM","USA",11720.19,0
"NCL","AUS",1976.597,0
"NCL","CAN",13622.2,0
"NCL","DEU",16333.24,0
"NCL","ESP",17811.61,0
"NCL","FRA",16757.74,1
"NCL","GBR",16581.42,0
"NCL","ITA",16771.45,0
"NCL","JPN",7035.106,0
"NCL","NLD",16332.64,0
"NCL","USA",14065.69,0
"NER","AUS",16180.32,0
"NER","CAN",8300.297,0
"NER","DEU",4244.892,0
"NER","ESP",3045.1,0
"NER","FRA",3932.638,1
"NER","GBR",4230.493,0
"NER","ITA",3311.987,0
"NER","JPN",12975.32,0
"NER","NLD",4327.557,0
"NER","USA",7873.029,0
"NFK","AUS",1680.699,0
"NFK","CAN",13953.11,0
"NFK","DEU",17081.25,0
"NFK","ESP",18559.35,0
"NFK","FRA",17511.67,0
"NFK","GBR",17347.62,0
"NFK","ITA",17405.59,0
"NFK","JPN",7786.35,0
"NFK","NLD",17089.58,0
"NFK","USA",14348.53,0
"NGA","AUS",15521.28,0
"NGA","CAN",8946.49,0
"NGA","DEU",5020.854,0
"NGA","ESP",3847.711,0
"NGA","FRA",4722.149,0
"NGA","GBR",5025.222,1
"NGA","ITA",4043.533,0
"NGA","JPN",13489.08,0
"NGA","NLD",5110.319,0
"NGA","USA",8493.132,0
"NIC","AUS",13756.67,0
"NIC","CAN",3573.807,0
"NIC","DEU",9191.415,0
"NIC","ESP",8523.871,1
"NIC","FRA",8906.699,0
"NIC","GBR",8699.689,0
"NIC","ITA",9834.672,0
"NIC","JPN",12845.07,0
"NIC","NLD",9034.442,0
"NIC","USA",3408.012,0
"NIU","AUS",4184.4,0
"NIU","CAN",11505.54,0
"NIU","DEU",16411.93,0
"NIU","ESP",17311.9,0
"NIU","FRA",16639.5,0
"NIU","GBR",16308.44,1
"NIU","ITA",17478.56,0
"NIU","JPN",8071.941,0
"NIU","NLD",16296.56,0
"NIU","USA",11870.07,0
"NLD","AUS",16658.11,0
"NLD","CAN",5988.239,0
"NLD","DEU",173.5239,0
"NLD","ESP",1481.366,0
"NLD","FRA",427.9169,0
"NLD","GBR",360.315,0
"NLD","ITA",1297.695,0
"NLD","JPN",9303.377,0
"NLD","NLD",76.95715,0
"NLD","USA",5866.046,0
"NOR","AUS",15963.53,0
"NOR","CAN",5941.591,0
"NOR","DEU",969.2816,0
"NOR","ESP",2390.782,0
"NOR","FRA",1342.89,0
"NOR","GBR",1157.104,0
"NOR","ITA",2010.678,0
"NOR","JPN",8417.135,0
"NOR","NLD",916.1565,0
"NOR","USA",5916.703,0
"NPL","AUS",9751.761,0
"NPL","CAN",11940.37,0
"NPL","DEU",6859.421,0
"NPL","ESP",7988.503,0
"NPL","FRA",7244.016,0
"NPL","GBR",7342.558,0
"NPL","ITA",6640.497,0
"NPL","JPN",5166.007,0
"NPL","NLD",6982.543,0
"NPL","USA",12121.59,0
"NRU","AUS",4059.163,1
"NRU","CAN",11941.82,0
"NRU","DEU",14060.19,1
"NRU","ESP",15494.86,0
"NRU","FRA",14455.09,0
"NRU","GBR",14233.03,1
"NRU","ITA",14765.4,0
"NRU","JPN",4915.501,0
"NRU","NLD",14028.07,0
"NRU","USA",12463.39,0
"NZL","AUS",2333.461,0
"NZL","CAN",14308.33,0
"NZL","DEU",18824.75,0
"NZL","ESP",19586.18,0
"NZL","FRA",19263.88,0
"NZL","GBR",19147.14,1
"NZL","ITA",18572.15,0
"NZL","JPN",9575.732,0
"NZL","NLD",18867.02,0
"NZL","USA",14546.24,0
"OMN","AUS",11674.18,0
"OMN","CAN",11406.99,0
"OMN","DEU",5356.058,0
"OMN","ESP",6044.162,0
"OMN","FRA",5620.005,0
"OMN","GBR",5841.325,0
"OMN","ITA",4702.792,0
"OMN","JPN",7746.67,0
"OMN","NLD",5519.237,0
"OMN","USA",11357.15,0
"PAK","AUS",11079.12,0
"PAK","CAN",10987.31,0
"PAK","DEU",5560.783,0
"PAK","ESP",6651.62,0
"PAK","FRA",5932.586,0
"PAK","GBR",6049.916,1
"PAK","ITA",5300.738,0
"PAK","JPN",5980.15,0
"PAK","NLD",5691.659,0
"PAK","USA",11091.54,0
"PAL","AUS",14198.85,0
"PAL","CAN",9301.966,0
"PAL","DEU",3152.752,0
"PAL","ESP",3546.102,0
"PAL","FRA",3303.196,0
"PAL","GBR",3586.255,1
"PAL","ITA",2261.774,0
"PAL","JPN",9236.551,0
"PAL","NLD",3326.237,0
"PAL","USA",9139.831,0
"PAN","AUS",14172.62,0
"PAN","CAN",3862.1,0
"PAN","DEU",8995.78,0
"PAN","ESP",8170.168,1
"PAN","FRA",8671.104,0
"PAN","GBR",8500.427,0
"PAN","ITA",9517.763,0
"PAN","JPN",13584.86,0
"PAN","NLD",8849.443,0
"PAN","USA",3580.789,0
"PCN","AUS",7511.173,0
"PCN","CAN",9232.747,0
"PCN","DEU",15372.79,0
"PCN","ESP",14816.84,0
"PCN","FRA",15152.12,0
"PCN","GBR",14902.93,1
"PCN","ITA",16130.83,0
"PCN","JPN",11622.8,0
"PCN","NLD",15203.5,0
"PCN","USA",9337.503,0
"PER","AUS",12809.17,0
"PER","CAN",6209.441,0
"PER","DEU",10659.87,0
"PER","ESP",9521.563,1
"PER","FRA",10268.11,0
"PER","GBR",10182.22,0
"PER","ITA",10875.48,0
"PER","JPN",15505.62,0
"PER","NLD",10542.52,0
"PER","USA",5890.553,0
"PHL","AUS",6275.747,0
"PHL","CAN",13226.18,0
"PHL","DEU",10320.74,0
"PHL","ESP",11665.22,1
"PHL","FRA",10751.64,0
"PHL","GBR",10745.17,0
"PHL","ITA",10397.98,0
"PHL","JPN",2999.541,0
"PHL","NLD",10399.29,0
"PHL","USA",13680.8,1
"PLW","AUS",4913.447,0
"PLW","CAN",13413.57,0
"PLW","DEU",11802.05,1
"PLW","ESP",13210.83,0
"PLW","FRA",12240.69,0
"PLW","GBR",12188.67,1
"PLW","ITA",11999.44,0
"PLW","JPN",3198.886,1
"PLW","NLD",11859.78,0
"PLW","USA",13939.87,1
"PNG","AUS",2745.258,1
"PNG","CAN",14162.04,0
"PNG","DEU",14126.12,1
"PNG","ESP",15548.85,0
"PNG","FRA",14565.84,0
"PNG","GBR",14493.51,1
"PNG","ITA",14329.81,0
"PNG","JPN",5086.215,0
"PNG","NLD",14175.06,0
"PNG","USA",14704.44,0
"POL","AUS",15607.68,0
"POL","CAN",6925.886,0
"POL","DEU",965.9211,1
"POL","ESP",2293.005,0
"POL","FRA",1368.178,0
"POL","GBR",1451.644,0
"POL","ITA",1319.479,0
"POL","JPN",8590.702,0
"POL","NLD",1093.599,0
"POL","USA",6855.422,0
"PRI","AUS",15960.62,0
"PRI","CAN",3068.054,0
"PRI","DEU",7259.144,0
"PRI","ESP",6382.686,1
"PRI","FRA",6916.064,0
"PRI","GBR",6765.292,0
"PRI","ITA",7733.891,0
"PRI","JPN",13422.25,0
"PRI","NLD",7120.014,0
"PRI","USA",2594.429,1
"PRK","AUS",8523.643,0
"PRK","CAN",10492.87,0
"PRK","DEU",8345.919,0
"PRK","ESP",9815,0
"PRK","FRA",8783.568,0
"PRK","GBR",8677.557,0
"PRK","ITA",8788.533,0
"PRK","JPN",1288.936,1
"PRK","NLD",8375.247,0
"PRK","USA",10933.23,0
"PRT","AUS",18190.62,0
"PRT","CAN",5730.805,0
"PRT","DEU",1892.032,0
"PRT","ESP",500.9223,0
"PRT","FRA",1452.86,0
"PRT","GBR",1583.091,0
"PRT","ITA",1864.041,0
"PRT","JPN",11156.39,0
"PRT","NLD",1862.043,0
"PRT","USA",5425.189,0
"PRY","AUS",12780.68,0
"PRY","CAN",7983.041,0
"PRY","DEU",10607.28,0
"PRY","ESP",9194.078,1
"PRY","FRA",10168.73,0
"PRY","GBR",10216.67,0
"PRY","ITA",10376.26,0
"PRY","JPN",18005.33,0
"PRY","NLD",10548.14,0
"PRY","USA",7537.521,0
"PYF","AUS",6129.841,0
"PYF","CAN",9851.623,0
"PYF","DEU",15728.52,0
"PYF","ESP",15889.19,0
"PYF","FRA",15724.43,1
"PYF","GBR",15393.27,0
"PYF","ITA",16831.7,0
"PYF","JPN",9502.387,0
"PYF","NLD",15562.6,0
"PYF","USA",10122.77,0
"QAT","AUS",12389.05,0
"QAT","CAN",10875.06,0
"QAT","DEU",4749.67,0
"QAT","ESP",5342.917,0
"QAT","FRA",4981.916,0
"QAT","GBR",5224.117,1
"QAT","ITA",4019.459,0
"QAT","JPN",8263.001,0
"QAT","NLD",4917.663,0
"QAT","USA",10782.51,0
"REU","AUS",9239.981,0
"REU","CAN",15167.3,0
"REU","DEU",9331.957,0
"REU","ESP",9162.944,0
"REU","FRA",9374.991,1
"REU","GBR",9700.545,0
"REU","ITA",8265.165,0
"REU","JPN",10861.59,0
"REU","NLD",9502.871,0
"REU","USA",14806.79,0
"ROM","AUS",15242.04,0
"ROM","CAN",7770.704,0
"ROM","DEU",1621.217,0
"ROM","ESP",2477.149,0
"ROM","FRA",1875.018,0
"ROM","GBR",2097.38,0
"ROM","ITA",1139.559,0
"ROM","JPN",8892.294,0
"ROM","NLD",1790.145,0
"ROM","USA",7656.178,0
"RUS","AUS",14503.07,0
"RUS","CAN",7495.521,0
"RUS","DEU",2065.183,0
"RUS","ESP",3449.3,0
"RUS","FRA",2494.316,0
"RUS","GBR",2510.88,0
"RUS","ITA",2383.171,0
"RUS","JPN",7486.303,0
"RUS","NLD",2155.229,0
"RUS","USA",7517.972,0
"RWA","AUS",12709.23,0
"RWA","CAN",11720.96,0
"RWA","DEU",6330.884,1
"RWA","ESP",5828.738,0
"RWA","FRA",6253.41,0
"RWA","GBR",6595.667,0
"RWA","ITA",5188.542,0
"RWA","JPN",11914.25,0
"RWA","NLD",6486.082,0
"RWA","USA",11340.34,0
"SAU","AUS",12782.14,0
"SAU","CAN",10655.83,0
"SAU","DEU",4498.257,0
"SAU","ESP",4975.897,0
"SAU","FRA",4694.5,0
"SAU","GBR",4957.345,0
"SAU","ITA",3684.742,0
"SAU","JPN",8701.922,0
"SAU","NLD",4669.672,0
"SAU","USA",10527.4,0
"SDN","AUS",13599.55,0
"SDN","CAN",10496.37,0
"SDN","DEU",4597.51,0
"SDN","ESP",4459.155,0
"SDN","FRA",4612.387,0
"SDN","GBR",4941.625,1
"SDN","ITA",3503.608,0
"SDN","JPN",10497.92,0
"SDN","NLD",4764.768,0
"SDN","USA",10225.49,0
"SEN","AUS",17604.14,0
"SEN","CAN",6649.851,0
"SEN","DEU",4643.462,0
"SEN","ESP",3164.425,0
"SEN","FRA",4217.159,1
"SEN","GBR",4384.146,0
"SEN","ITA",4179.284,0
"SEN","JPN",13941.8,0
"SEN","NLD",4641.092,0
"SEN","USA",6157.48,0
"SGP","AUS",6301.786,0
"SGP","CAN",15022.44,0
"SGP","DEU",10380.27,0
"SGP","ESP",11400.13,0
"SGP","FRA",10748.26,0
"SGP","GBR",10868.94,1
"SGP","ITA",10033.4,0
"SGP","JPN",5326.388,0
"SGP","NLD",10510.19,0
"SGP","USA",15350.5,0
"SHN","AUS",13972.45,0
"SHN","CAN",9977.163,0
"SHN","DEU",7600.403,0
"SHN","ESP",6273.214,0
"SHN","FRA",7254.018,0
"SHN","GBR",7522.674,1
"SHN","ITA",6699.593,0
"SHN","JPN",15966.36,0
"SHN","NLD",7666.693,0
"SHN","USA",9439.94,0
"SLB","AUS",2862.103,0
"SLB","CAN",13192.08,0
"SLB","DEU",14750.74,0
"SLB","ESP",16230,0
"SLB","FRA",15178.2,0
"SLB","GBR",15016.78,1
"SLB","ITA",15224.34,0
"SLB","JPN",5452.721,0
"SLB","NLD",14755.12,0
"SLB","USA",13708.61,0
"SLE","AUS",16790.26,0
"SLE","CAN",7448.309,0
"SLE","DEU",5129.104,0
"SLE","ESP",3676.671,0
"SLE","FRA",4724.351,0
"SLE","GBR",4934.224,1
"SLE","ITA",4494.866,0
"SLE","JPN",14362.78,0
"SLE","NLD",5152.225,0
"SLE","USA",6947.481,0
"SLV","AUS",13586.53,0
"SLV","CAN",3465.451,0
"SLV","DEU",9249.982,0
"SLV","ESP",8655.502,1
"SLV","FRA",8984.298,0
"SLV","GBR",8762.369,0
"SLV","ITA",9943.909,0
"SLV","JPN",12509.61,0
"SLV","NLD",9089.134,0
"SLV","USA",3355.771,0
"SMR","AUS",16327.27,0
"SMR","CAN",6953.986,0
"SMR","DEU",932.1286,0
"SMR","ESP",1390.619,0
"SMR","FRA",951.0759,0
"SMR","GBR",1263.348,0
"SMR","ITA",230.0196,0
"SMR","JPN",9694.438,0
"SMR","NLD",1090.303,0
"SMR","USA",6777.457,0
"SOM","AUS",11601.35,0
"SOM","CAN",12554.26,0
"SOM","DEU",6560.357,0
"SOM","ESP",6518.385,0
"SOM","FRA",6623.439,0
"SOM","GBR",6942.233,1
"SOM","ITA",5515.176,1
"SOM","JPN",10282.29,0
"SOM","NLD",6732.094,0
"SOM","USA",12283,0
"SPM","AUS",17332.44,0
"SPM","CAN",1845.482,0
"SPM","DEU",4491.204,0
"SPM","ESP",4208.643,0
"SPM","FRA",4273.723,1
"SPM","GBR",4016.349,0
"SPM","ITA",5322.239,0
"SPM","JPN",10732.88,0
"SPM","NLD",4324.902,0
"SPM","USA",1573.979,0
"STP","AUS",14762.63,0
"STP","CAN",9687.314,0
"STP","DEU",5706.03,0
"STP","ESP",4599.011,0
"STP","FRA",5432.882,0
"STP","GBR",5746.228,0
"STP","ITA",4675.544,0
"STP","JPN",13748.82,0
"STP","NLD",5806.731,0
"STP","USA",9221.021,0
"SUR","AUS",15895.18,0
"SUR","CAN",4823.153,0
"SUR","DEU",7608.084,0
"SUR","ESP",6397.689,0
"SUR","FRA",7196.987,0
"SUR","GBR",7149.931,0
"SUR","ITA",7744.406,0
"SUR","JPN",15152.81,0
"SUR","NLD",7506.908,1
"SUR","USA",4309.072,0
"SVK","AUS",15930.48,0
"SVK","CAN",6973.962,0
"SVK","DEU",817.4212,0
"SVK","ESP",1865.664,0
"SVK","FRA",1094.61,0
"SVK","GBR",1294.938,0
"SVK","ITA",789.4631,0
"SVK","JPN",9104.249,0
"SVK","NLD",987.487,0
"SVK","USA",6852.755,0
"SVN","AUS",16152.8,0
"SVN","CAN",6946.394,0
"SVN","DEU",814.8665,0
"SVN","ESP",1600.555,0
"SVN","FRA",965.7366,0
"SVN","GBR",1230.756,0
"SVN","ITA",492.3427,0
"SVN","JPN",9412.938,0
"SVN","NLD",986.5178,0
"SVN","USA",6796.301,0
"SWE","AUS",15608.91,0
"SWE","CAN",6335.357,0
"SWE","DEU",1118.929,0
"SWE","ESP",2596.908,0
"SWE","FRA",1545.797,0
"SWE","GBR",1437.571,0
"SWE","ITA",1980.122,0
"SWE","JPN",8180.65,0
"SWE","NLD",1128.93,0
"SWE","USA",6322.853,0
"SWZ","AUS",10816.67,0
"SWZ","CAN",13604.98,0
"SWZ","DEU",8976.361,0
"SWZ","ESP",8257.831,0
"SWZ","FRA",8846.426,0
"SWZ","GBR",9188.42,1
"SWZ","ITA",7830.921,0
"SWZ","JPN",13290.45,0
"SWZ","NLD",9122.207,0
"SWZ","USA",13114.1,0
"SYC","AUS",10253.88,0
"SYC","CAN",13840.93,0
"SYC","DEU",7747.706,0
"SYC","ESP",7829.129,0
"SYC","FRA",7855.244,1
"SYC","GBR",8160.399,1
"SYC","ITA",6758.052,0
"SYC","JPN",9802.871,0
"SYC","NLD",7921.132,0
"SYC","USA",13599.33,0
"SYR","AUS",14109.6,0
"SYR","CAN",9254.029,0
"SYR","DEU",3093.486,0
"SYR","ESP",3610.572,0
"SYR","FRA",3280.692,1
"SYR","GBR",3546.151,0
"SYR","ITA",2285.747,0
"SYR","JPN",8963.564,0
"SYR","NLD",3265.953,0
"SYR","USA",9115.136,0
"TCA","AUS",15676.05,0
"TCA","CAN",2584.047,0
"TCA","DEU",7353.279,0
"TCA","ESP",6608.785,0
"TCA","FRA",7041.488,0
"TCA","GBR",6858.136,1
"TCA","ITA",7932,0
"TCA","JPN",12890.26,0
"TCA","NLD",7203.906,0
"TCA","USA",2163.191,0
"TCD","AUS",14989.02,0
"TCD","CAN",9431.583,0
"TCD","DEU",4433.432,0
"TCD","ESP",3638.406,0
"TCD","FRA",4248.435,1
"TCD","GBR",4586.426,0
"TCD","ITA",3316.223,0
"TCD","JPN",12161.4,0
"TCD","NLD",4562.769,0
"TCD","USA",9052.158,0
"TGO","AUS",15654.92,0
"TGO","CAN",8797.691,0
"TGO","DEU",5068.667,0
"TGO","ESP",3845.382,0
"TGO","FRA",4753.381,1
"TGO","GBR",5047.507,0
"TGO","ITA",4125.414,0
"TGO","JPN",13665.04,0
"TGO","NLD",5150.458,0
"TGO","USA",8335.612,0
"THA","AUS",7539.52,0
"THA","CAN",13647.12,0
"THA","DEU",9065.879,0
"THA","ESP",10193.69,0
"THA","FRA",9454.805,0
"THA","GBR",9545.471,0
"THA","ITA",8838.563,0
"THA","JPN",4612.997,0
"THA","NLD",9185.165,0
"THA","USA",13943.4,0
"TJK","AUS",11703.24,0
"TJK","CAN",10333.27,0
"TJK","DEU",4910.893,0
"TJK","ESP",6048.096,0
"TJK","FRA",5291.823,0
"TJK","GBR",5396.948,0
"TJK","ITA",4713.199,0
"TJK","JPN",6136.114,0
"TJK","NLD",5037.606,0
"TJK","USA",10426.23,0
"TKL","AUS",4671.279,0
"TKL","CAN",10916.82,0
"TKL","DEU",15306.4,0
"TKL","ESP",16349.99,0
"TKL","FRA",15565.23,0
"TKL","GBR",15245.08,1
"TKL","ITA",16347.43,0
"TKL","JPN",7089.517,0
"TKL","NLD",15200.84,0
"TKL","USA",11341.68,0
"TKM","AUS",12465.73,0
"TKM","CAN",10003.85,0
"TKM","DEU",4234.307,0
"TKM","ESP",5251.599,0
"TKM","FRA",4581.08,0
"TKM","GBR",4729.025,0
"TKM","ITA",3894.448,0
"TKM","JPN",7006.5,0
"TKM","NLD",4377.154,0
"TKM","USA",10024.92,0
"TMP","AUS",3847.098,0
"TMP","CAN",15439.72,0
"TMP","DEU",12720.83,0
"TMP","ESP",13911.19,0
"TMP","FRA",13128.84,0
"TMP","GBR",13182.26,0
"TMP","ITA",12558.5,0
"TMP","JPN",5143.1,0
"TMP","NLD",12824.49,0
"TMP","USA",15962.92,0
"TON","AUS",3585.603,0
"TON","CAN",12079.77,0
"TON","DEU",16654.11,0
"TON","ESP",17744.08,0
"TON","FRA",16941.44,0
"TON","GBR",16628.88,1
"TON","ITA",17615.05,0
"TON","JPN",7904.458,0
"TON","NLD",16561.3,0
"TON","USA",12455.56,0
"TTO","AUS",15821.03,0
"TTO","CAN",4058.435,0
"TTO","DEU",7608.62,0
"TTO","ESP",6541.816,0
"TTO","FRA",7225.325,0
"TTO","GBR",7127.528,1
"TTO","ITA",7908.261,0
"TTO","JPN",14416.8,0
"TTO","NLD",7487.81,0
"TTO","USA",3569.325,0
"TUN","AUS",16498.66,0
"TUN","CAN",7267.781,0
"TUN","DEU",1648.635,0
"TUN","ESP",1273.835,0
"TUN","FRA",1483.828,1
"TUN","GBR",1826.619,0
"TUN","ITA",595.3532,0
"TUN","JPN",10427.62,0
"TUN","NLD",1776.441,0
"TUN","USA",7023.072,0
"TUR","AUS",14960.31,0
"TUR","CAN",8197.23,0
"TUR","DEU",2038.332,0
"TUR","ESP",2740.029,0
"TUR","FRA",2255.81,0
"TUR","GBR",2501.886,0
"TUR","ITA",1373.27,0
"TUR","JPN",8958.844,0
"TUR","NLD",2209.789,0
"TUR","USA",8070.75,0
"TUV","AUS",4027.207,0
"TUV","CAN",11586.93,0
"TUV","DEU",15198.79,0
"TUV","ESP",16469.81,0
"TUV","FRA",15531.51,0
"TUV","GBR",15247.64,1
"TUV","ITA",16095.31,0
"TUV","JPN",6422.642,0
"TUV","NLD",15125.95,0
"TUV","USA",12047.3,0
"TWN","AUS",7272.547,0
"TWN","CAN",12090.98,0
"TWN","DEU",9396.126,0
"TWN","ESP",10804.02,0
"TWN","FRA",9834.232,0
"TWN","GBR",9790.424,0
"TWN","ITA",9614.098,0
"TWN","JPN",2103.047,1
"TWN","NLD",9457.249,0
"TWN","USA",12532.54,0
"TZA","AUS",11565.75,0
"TZA","CAN",12830.99,0
"TZA","DEU",7186.556,0
"TZA","ESP",6857.921,0
"TZA","FRA",7168.277,0
"TZA","GBR",7504.949,1
"TZA","ITA",6070.02,0
"TZA","JPN",11404.29,0
"TZA","NLD",7351.038,0
"TZA","USA",12470.74,0
"UGA","AUS",12644.1,0
"UGA","CAN",11737.87,0
"UGA","DEU",6177.539,0
"UGA","ESP",5773.843,0
"UGA","FRA",6128.938,0
"UGA","GBR",6469,1
"UGA","ITA",5044.428,0
"UGA","JPN",11538.8,0
"UGA","NLD",6337.427,0
"UGA","USA",11381.89,0
"UKR","AUS",14956.91,0
"UKR","CAN",7564.316,0
"UKR","DEU",1646.271,0
"UKR","ESP",2863.877,0
"UKR","FRA",2025.144,0
"UKR","GBR",2137.511,0
"UKR","ITA",1674.773,0
"UKR","JPN",8215.83,0
"UKR","NLD",1781.716,0
"UKR","USA",7515.91,0
"URY","AUS",11864.05,0
"URY","CAN",9055.5,0
"URY","DEU",11412.01,0
"URY","ESP",9957.118,1
"URY","FRA",10972.42,0
"URY","GBR",11057.87,0
"URY","ITA",11041.93,0
"URY","JPN",18587.08,0
"URY","NLD",11371.8,0
"URY","USA",8617.354,0
"USA","AUS",16008.79,0
"USA","CAN",548.3946,0
"USA","DEU",6035.334,0
"USA","ESP",5770.264,1
"USA","FRA",5838.157,1
"USA","GBR",5570.161,1
"USA","ITA",6895.107,0
"USA","JPN",10855.59,0
"USA","NLD",5866.046,0
"USA","USA",1161.074,0
"UZB","AUS",11828.84,0
"UZB","CAN",10073.93,0
"UZB","DEU",4760.258,0
"UZB","ESP",5948.543,0
"UZB","FRA",5153.064,0
"UZB","GBR",5240.294,0
"UZB","ITA",4633.52,0
"UZB","JPN",6007.851,0
"UZB","NLD",4880.046,0
"UZB","USA",10179.66,0
"VCT","AUS",16034.79,0
"VCT","CAN",3806.961,0
"VCT","DEU",7366.903,0
"VCT","ESP",6332.693,0
"VCT","FRA",6989.701,0
"VCT","GBR",6882.857,1
"VCT","ITA",7699.338,0
"VCT","JPN",14163.36,0
"VCT","NLD",7242.886,0
"VCT","USA",3308.9,0
"VEN","AUS",15372.93,0
"VEN","CAN",3871.308,0
"VEN","DEU",7984.647,0
"VEN","ESP",6995.169,1
"VEN","FRA",7618.86,0
"VEN","GBR",7495.812,0
"VEN","ITA",8360.616,0
"VEN","JPN",14172.2,0
"VEN","NLD",7854.576,0
"VEN","USA",3428.63,0
"VGB","AUS",16095.61,0
"VGB","CAN",3126.958,0
"VGB","DEU",7153.428,0
"VGB","ESP",6254.025,0
"VGB","FRA",6804.749,0
"VGB","GBR",6660.509,1
"VGB","ITA",7608.557,0
"VGB","JPN",13485.45,0
"VGB","NLD",7016.512,0
"VGB","USA",2638.875,0
"VNM","AUS",7769.68,0
"VNM","CAN",12816.55,0
"VNM","DEU",8793.074,0
"VNM","ESP",10053.22,0
"VNM","FRA",9208.554,1
"VNM","GBR",9248.713,0
"VNM","ITA",8741.851,0
"VNM","JPN",3672.564,0
"VNM","NLD",8892.063,0
"VNM","USA",13159.26,0
"VUT","AUS",2476.587,0
"VUT","CAN",13152.65,0
"VUT","DEU",15935.85,0
"VUT","ESP",17397.21,0
"VUT","FRA",16346.35,1
"VUT","GBR",16142.24,1
"VUT","ITA",16499.28,0
"VUT","JPN",6663.923,0
"VUT","NLD",15918.48,0
"VUT","USA",13612.16,0
"WLF","AUS",4011.027,0
"WLF","CAN",11578.34,0
"WLF","DEU",15776.26,0
"WLF","ESP",16927.89,0
"WLF","FRA",16073.01,1
"WLF","GBR",15767.28,0
"WLF","ITA",16743.15,0
"WLF","JPN",7153.28,0
"WLF","NLD",15686.51,0
"WLF","USA",11999.86,0
"WSM","AUS",3050.82,0
"WSM","CAN",12584.99,0
"WSM","DEU",15624.47,1
"WSM","ESP",17038.68,0
"WSM","FRA",16011.92,0
"WSM","GBR",15775.63,0
"WSM","ITA",16322.46,0
"WSM","JPN",6454.711,0
"WSM","NLD",15586.5,0
"WSM","USA",13049.8,0
"YEM","AUS",12510.67,0
"YEM","CAN",11319.7,0
"YEM","DEU",5197.778,0
"YEM","ESP",5387.975,0
"YEM","FRA",5317.261,0
"YEM","GBR",5616.074,1
"YEM","ITA",4231.959,0
"YEM","JPN",9509.172,0
"YEM","NLD",5371.253,0
"YEM","USA",11120.31,0
"YUG","AUS",15688.82,0
"YUG","CAN",7402.332,0
"YUG","DEU",1242.842,0
"YUG","ESP",2034.896,0
"YUG","FRA",1449.718,0
"YUG","GBR",1696.278,0
"YUG","ITA",725.4269,0
"YUG","JPN",9188.286,0
"YUG","NLD",1415.962,0
"YUG","USA",7266.376,0
"ZAF","AUS",11015.12,0
"ZAF","CAN",13117.46,0
"ZAF","DEU",9571.156,0
"ZAF","ESP",8582.782,0
"ZAF","FRA",9353.552,0
"ZAF","GBR",9681.689,1
"ZAF","ITA",8460.335,0
"ZAF","JPN",14746.39,0
"ZAF","NLD",9693.594,1
"ZAF","USA",12581.72,0
"ZAR","AUS",13748.65,0
"ZAR","CAN",10723.82,0
"ZAR","DEU",6257.081,0
"ZAR","ESP",5342.107,0
"ZAR","FRA",6049.656,0
"ZAR","GBR",6382.272,0
"ZAR","ITA",5147.996,0
"ZAR","JPN",13370.65,0
"ZAR","NLD",6381.195,0
"ZAR","USA",10270.25,0
"ZMB","AUS",11866.07,0
"ZMB","CAN",12609.73,0
"ZMB","DEU",7730.947,0
"ZMB","ESP",7043.989,0
"ZMB","FRA",7604.841,0
"ZMB","GBR",7947.208,1
"ZMB","ITA",6585.451,0
"ZMB","JPN",12938.26,0
"ZMB","NLD",7877.135,0
"ZMB","USA",12156.13,0
"ZWE","AUS",11469.38,0
"ZWE","CAN",13006.51,0
"ZWE","DEU",8061.094,0
"ZWE","ESP",7414.741,0
"ZWE","FRA",7949.676,0
"ZWE","GBR",8292.509,1
"ZWE","ITA",6915.104,0
"ZWE","JPN",12826.9,0
"ZWE","NLD",8210.55,0
"ZWE","USA",12552.13,0
