"countries","iso3","year","tax_to_gdp"
"Afghanistan, Islamic Rep. of","AFG",2006,7.1
"Afghanistan, Islamic Rep. of","AFG",2007,6.1
"Afghanistan, Islamic Rep. of","AFG",2008,6.1
"Afghanistan, Islamic Rep. of","AFG",2009,8.7
"Afghanistan, Islamic Rep. of","AFG",2010,9.4
"Afghanistan, Islamic Rep. of","AFG",2011,9.2
"Afghanistan, Islamic Rep. of","AFG",2012,7.7
"Afghanistan, Islamic Rep. of","AFG",2013,7.3
"Afghanistan, Islamic Rep. of","AFG",2014,6.8
"Afghanistan, Islamic Rep. of","AFG",2015,7.6
"Afghanistan, Islamic Rep. of","AFG",2016,8.8
"Afghanistan, Islamic Rep. of","AFG",2017,9.2
"Albania","ALB",2007,19.1
"Albania","ALB",2015,19.2
"Albania","ALB",2014,19
"Albania","ALB",2005,18
"Albania","ALB",2018,19.6
"Albania","ALB",2019,19.4
"Albania","ALB",2006,18.7
"Albania","ALB",2017,19.8
"Albania","ALB",2012,18.1
"Albania","ALB",2013,17.1
"Albania","ALB",2008,19.9
"Albania","ALB",2011,18.8
"Albania","ALB",2016,18.3
"Albania","ALB",2009,19.7
"Albania","ALB",2010,19
"Argentina","ARG",2004,21.1
"Argentina","ARG",2003,18.2
"Argentina","ARG",2002,15.1
"Armenia, Rep. of","ARM",2004,14.5
"Armenia, Rep. of","ARM",2005,14.8
"Armenia, Rep. of","ARM",2006,14.8
"Armenia, Rep. of","ARM",2007,16.4
"Armenia, Rep. of","ARM",2008,17.7
"Armenia, Rep. of","ARM",2009,17.1
"Armenia, Rep. of","ARM",2010,17.6
"Armenia, Rep. of","ARM",2011,17.7
"Armenia, Rep. of","ARM",2012,18
"Armenia, Rep. of","ARM",2013,22
"Armenia, Rep. of","ARM",2014,22.1
"Armenia, Rep. of","ARM",2015,21.6
"Armenia, Rep. of","ARM",2016,21.8
"Armenia, Rep. of","ARM",2017,21.3
"Armenia, Rep. of","ARM",2018,21.3
"Armenia, Rep. of","ARM",2019,22.7
"Australia","AUS",2014,26.8
"Australia","AUS",2015,27.1
"Australia","AUS",2016,27.2
"Australia","AUS",2013,26.4
"Australia","AUS",2018,27.8
"Australia","AUS",1999,28.3
"Australia","AUS",2019,28
"Australia","AUS",2017,26.9
"Australia","AUS",2012,25.7
"Australia","AUS",2007,28.3
"Australia","AUS",2003,28.8
"Australia","AUS",2011,24.4
"Australia","AUS",2001,29.5
"Australia","AUS",2002,27.9
"Australia","AUS",2008,28.2
"Australia","AUS",2000,28.6
"Australia","AUS",2010,24.5
"Australia","AUS",2009,26.8
"Australia","AUS",2006,28.7
"Australia","AUS",2004,28.9
"Australia","AUS",2005,29
"Austria","AUT",2008,27.7
"Austria","AUT",2013,28.2
"Austria","AUT",2016,27.2
"Austria","AUT",2012,27.7
"Austria","AUT",2017,27.1
"Austria","AUT",2018,27.4
"Austria","AUT",2019,27.5
"Austria","AUT",2006,26.7
"Austria","AUT",2007,27
"Austria","AUT",2009,26.9
"Austria","AUT",2010,27
"Austria","AUT",2011,27.1
"Austria","AUT",2000,28.1
"Austria","AUT",1997,28.9
"Austria","AUT",2014,28.2
"Austria","AUT",2015,28.5
"Austria","AUT",1996,28
"Austria","AUT",2002,28.7
"Austria","AUT",2004,28
"Austria","AUT",2005,27.2
"Austria","AUT",1999,28.6
"Austria","AUT",1995,26.7
"Austria","AUT",1998,28.9
"Austria","AUT",2001,29.7
"Austria","AUT",2003,28.4
"Azerbaijan, Rep. of","AZE",2008,16.6
"Azerbaijan, Rep. of","AZE",2009,14.3
"Azerbaijan, Rep. of","AZE",2010,12.3
"Azerbaijan, Rep. of","AZE",2011,12.3
"Azerbaijan, Rep. of","AZE",2012,12.9
"Azerbaijan, Rep. of","AZE",2013,13.5
"Azerbaijan, Rep. of","AZE",2014,14.3
"Azerbaijan, Rep. of","AZE",2015,15.7
"Azerbaijan, Rep. of","AZE",2016,14.7
"Azerbaijan, Rep. of","AZE",2017,13.3
"Azerbaijan, Rep. of","AZE",2018,13.1
"Azerbaijan, Rep. of","AZE",2019,14.4
"Barbados","BRB",2004,25.8
"Barbados","BRB",2003,25.4
"Belarus, Rep. of","BLR",2019,23.8
"Belarus, Rep. of","BLR",2003,32.7
"Belarus, Rep. of","BLR",2004,32.4
"Belarus, Rep. of","BLR",2005,33.2
"Belarus, Rep. of","BLR",2006,32.9
"Belarus, Rep. of","BLR",2007,34.1
"Belarus, Rep. of","BLR",2008,36.4
"Belarus, Rep. of","BLR",2009,29.1
"Belarus, Rep. of","BLR",2010,26.3
"Belarus, Rep. of","BLR",2011,23.9
"Belarus, Rep. of","BLR",2012,25.2
"Belarus, Rep. of","BLR",2013,24.6
"Belarus, Rep. of","BLR",2014,23.5
"Belarus, Rep. of","BLR",2015,24.8
"Belarus, Rep. of","BLR",2016,25.1
"Belarus, Rep. of","BLR",2017,24.2
"Belarus, Rep. of","BLR",2018,25.1
"Belgium","BEL",2009,28.4
"Belgium","BEL",2013,31.2
"Belgium","BEL",1998,30.3
"Belgium","BEL",2008,29.6
"Belgium","BEL",2003,29.4
"Belgium","BEL",2014,31
"Belgium","BEL",2011,29.8
"Belgium","BEL",2004,29.9
"Belgium","BEL",2005,29.9
"Belgium","BEL",2006,29.8
"Belgium","BEL",1995,28.6
"Belgium","BEL",1996,29.2
"Belgium","BEL",2012,30.6
"Belgium","BEL",2019,30
"Belgium","BEL",1999,30.3
"Belgium","BEL",2000,30.2
"Belgium","BEL",2001,29.9
"Belgium","BEL",2015,30.3
"Belgium","BEL",2016,30.1
"Belgium","BEL",2007,29.4
"Belgium","BEL",2010,29.1
"Belgium","BEL",1997,29.8
"Belgium","BEL",2017,30.7
"Belgium","BEL",2018,31
"Belgium","BEL",2002,29.9
"Bolivia","BOL",1995,12.4
"Bolivia","BOL",1996,15.7
"Bolivia","BOL",1997,16.2
"Bolivia","BOL",1998,17.2
"Bolivia","BOL",1999,15.8
"Bolivia","BOL",2000,16.1
"Bolivia","BOL",2001,15.4
"Bolivia","BOL",2002,16.9
"Bolivia","BOL",2003,16.5
"Bolivia","BOL",2004,18.9
"Bolivia","BOL",2005,21.6
"Bolivia","BOL",2006,24.1
"Bolivia","BOL",2007,24.5
"Bosnia and Herzegovina","BIH",2013,22.1
"Bosnia and Herzegovina","BIH",2012,23.1
"Bosnia and Herzegovina","BIH",2005,23.3
"Bosnia and Herzegovina","BIH",2006,25.5
"Bosnia and Herzegovina","BIH",2011,23
"Bosnia and Herzegovina","BIH",2009,21.6
"Bosnia and Herzegovina","BIH",2015,22.5
"Bosnia and Herzegovina","BIH",2017,22.8
"Bosnia and Herzegovina","BIH",2008,23.8
"Bosnia and Herzegovina","BIH",2014,22.3
"Bosnia and Herzegovina","BIH",2007,25.3
"Bosnia and Herzegovina","BIH",2010,22.3
"Bosnia and Herzegovina","BIH",2019,22.7
"Bosnia and Herzegovina","BIH",2016,22.6
"Bosnia and Herzegovina","BIH",2018,23
"Brazil","BRA",2015,23
"Brazil","BRA",2017,23.1
"Brazil","BRA",2012,23.6
"Brazil","BRA",2016,23.1
"Brazil","BRA",2013,23.5
"Brazil","BRA",2018,23.7
"Brazil","BRA",2019,23.6
"Brazil","BRA",2010,23.6
"Brazil","BRA",2014,22.8
"Brazil","BRA",2011,24.1
"Bulgaria","BGR",2012,19.8
"Bulgaria","BGR",1997,17.9
"Bulgaria","BGR",2004,21.5
"Bulgaria","BGR",1998,19.4
"Bulgaria","BGR",2000,20.2
"Bulgaria","BGR",2008,23.1
"Bulgaria","BGR",2011,18.5
"Bulgaria","BGR",2005,20.8
"Bulgaria","BGR",2013,20.8
"Bulgaria","BGR",2001,20.5
"Bulgaria","BGR",2016,21.2
"Bulgaria","BGR",1999,20.3
"Bulgaria","BGR",2017,21
"Bulgaria","BGR",2014,20.4
"Bulgaria","BGR",2006,21.7
"Bulgaria","BGR",2009,19.7
"Bulgaria","BGR",1996,16.5
"Bulgaria","BGR",2002,18.4
"Bulgaria","BGR",2015,21.1
"Bulgaria","BGR",2003,20.2
"Bulgaria","BGR",2019,21.2
"Bulgaria","BGR",2010,19.3
"Bulgaria","BGR",1995,17.1
"Bulgaria","BGR",2018,21.1
"Bulgaria","BGR",2007,23.7
"Cabo Verde","CPV",2010,19
"Cabo Verde","CPV",2013,18.5
"Cabo Verde","CPV",2015,19.5
"Cabo Verde","CPV",2012,18.5
"Cabo Verde","CPV",2014,17.7
"Cabo Verde","CPV",2008,22
"Cabo Verde","CPV",2009,18.9
"Cabo Verde","CPV",2011,20.4
"Cabo Verde","CPV",2016,19.3
"Canada","CAN",2003,27.9
"Canada","CAN",1998,31.2
"Canada","CAN",2002,28.2
"Canada","CAN",2019,29.4
"Canada","CAN",1999,31.2
"Canada","CAN",2016,28.5
"Canada","CAN",2017,28.6
"Canada","CAN",2000,30.7
"Canada","CAN",2004,28
"Canada","CAN",2006,28.3
"Canada","CAN",2015,28.2
"Canada","CAN",2001,29.3
"Canada","CAN",1997,31.2
"Canada","CAN",2008,26.9
"Canada","CAN",1996,30.5
"Canada","CAN",2007,28.2
"Canada","CAN",1995,29.7
"Canada","CAN",2014,26.8
"Canada","CAN",2013,26.6
"Canada","CAN",2012,26.7
"Canada","CAN",2009,27.6
"Canada","CAN",2018,29.1
"Canada","CAN",2005,28.1
"Canada","CAN",2011,26.4
"Canada","CAN",2010,26.5
"Chile","CHL",2008,19.7
"Chile","CHL",2007,21.4
"Chile","CHL",2001,17.5
"Chile","CHL",1996,17.5
"Chile","CHL",2017,19
"Chile","CHL",1997,17.3
"Chile","CHL",2011,20.2
"Chile","CHL",2010,18.7
"Chile","CHL",2016,19
"Chile","CHL",1999,16.7
"Chile","CHL",2004,17.7
"Chile","CHL",2006,20.7
"Chile","CHL",2005,19.4
"Chile","CHL",2015,19
"Chile","CHL",2014,18.5
"Chile","CHL",2009,15.8
"Chile","CHL",1998,17.3
"Chile","CHL",2000,17.6
"Chile","CHL",2002,17.7
"Chile","CHL",2003,17.5
"Chile","CHL",1995,16.3
"Chile","CHL",2018,19.9
"Chile","CHL",2012,20.4
"Chile","CHL",2013,18.8
"Chile","CHL",2019,19.3
"China, P.R.: Hong Kong","HKG",2015,14.4
"China, P.R.: Hong Kong","HKG",2016,13.6
"China, P.R.: Hong Kong","HKG",2017,14.3
"China, P.R.: Hong Kong","HKG",2018,13.8
"China, P.R.: Hong Kong","HKG",2014,15.5
"China, P.R.: Hong Kong","HKG",2019,13.2
"China, P.R.: Hong Kong","HKG",2002,9
"China, P.R.: Hong Kong","HKG",2003,10.4
"China, P.R.: Hong Kong","HKG",2004,11.8
"China, P.R.: Hong Kong","HKG",2005,12.4
"China, P.R.: Hong Kong","HKG",2006,12.5
"China, P.R.: Hong Kong","HKG",2007,13.9
"China, P.R.: Hong Kong","HKG",2008,12.7
"China, P.R.: Hong Kong","HKG",2009,12.5
"China, P.R.: Hong Kong","HKG",2010,13.5
"China, P.R.: Hong Kong","HKG",2011,14.2
"China, P.R.: Hong Kong","HKG",2012,13.7
"China, P.R.: Hong Kong","HKG",2013,13.4
"China, P.R.: Macao","MAC",2018,29.4
"China, P.R.: Macao","MAC",2019,29.7
"China, P.R.: Macao","MAC",2001,16.4
"China, P.R.: Macao","MAC",2002,17.2
"China, P.R.: Macao","MAC",2003,20
"China, P.R.: Macao","MAC",2004,21.3
"China, P.R.: Macao","MAC",2005,21
"China, P.R.: Macao","MAC",2006,21.1
"China, P.R.: Macao","MAC",2007,25.5
"China, P.R.: Macao","MAC",2008,30.2
"China, P.R.: Macao","MAC",2009,29.3
"China, P.R.: Macao","MAC",2010,34.4
"China, P.R.: Macao","MAC",2011,37.4
"China, P.R.: Macao","MAC",2012,36.8
"China, P.R.: Macao","MAC",2013,36.4
"China, P.R.: Macao","MAC",2014,35.1
"China, P.R.: Macao","MAC",2015,29.1
"China, P.R.: Macao","MAC",2016,27.8
"China, P.R.: Macao","MAC",2017,29
"China, P.R.: Mainland","CHN",2005,15.3
"China, P.R.: Mainland","CHN",2006,18.8
"China, P.R.: Mainland","CHN",2007,17.2
"China, P.R.: Mainland","CHN",2008,18.4
"China, P.R.: Mainland","CHN",2009,18.5
"China, P.R.: Mainland","CHN",2010,19.1
"China, P.R.: Mainland","CHN",2011,19.8
"China, P.R.: Mainland","CHN",2012,19.9
"China, P.R.: Mainland","CHN",2013,19.9
"China, P.R.: Mainland","CHN",2014,19.7
"China, P.R.: Mainland","CHN",2015,19.4
"China, P.R.: Mainland","CHN",2016,18.9
"China, P.R.: Mainland","CHN",2017,18.8
"China, P.R.: Mainland","CHN",2018,18.5
"Colombia","COL",2011,17.3
"Colombia","COL",2012,16.6
"Colombia","COL",2010,14.9
"Colombia","COL",2008,15.8
"Colombia","COL",2016,17.6
"Colombia","COL",2009,15.4
"Colombia","COL",2013,17.2
"Colombia","COL",1998,13.7
"Colombia","COL",2017,18.4
"Colombia","COL",2014,18.7
"Colombia","COL",2003,13.9
"Colombia","COL",2019,18.7
"Colombia","COL",2015,18.7
"Colombia","COL",2000,13.5
"Colombia","COL",1999,13.5
"Colombia","COL",2018,18.4
"Congo, Rep. of","COG",2003,8.2
"Congo, Rep. of","COG",2004,7.4
"Congo, Rep. of","COG",2005,5.9
"Congo, Rep. of","COG",2006,5.8
"Congo, Rep. of","COG",2007,6.5
"Congo, Rep. of","COG",2008,6.3
"Congo, Rep. of","COG",2009,8.5
"Congo, Rep. of","COG",2010,7.1
"Congo, Rep. of","COG",2011,8.4
"Congo, Rep. of","COG",2012,7.4
"Congo, Rep. of","COG",2013,8.9
"Congo, Rep. of","COG",2014,9.8
"Congo, Rep. of","COG",2017,11.5
"Congo, Rep. of","COG",2018,8
"Costa Rica","CRI",2012,13.7
"Costa Rica","CRI",2016,14.2
"Costa Rica","CRI",2013,14.1
"Costa Rica","CRI",2019,14.2
"Costa Rica","CRI",2004,13.8
"Costa Rica","CRI",2003,14
"Costa Rica","CRI",2010,13.5
"Costa Rica","CRI",2017,14
"Costa Rica","CRI",2018,13.9
"Costa Rica","CRI",2011,13.8
"Costa Rica","CRI",2008,15.8
"Costa Rica","CRI",2006,14.4
"Costa Rica","CRI",2015,14
"Costa Rica","CRI",2014,13.7
"Costa Rica","CRI",2009,13.8
"Costa Rica","CRI",2007,15.4
"Costa Rica","CRI",2005,14.1
"Costa Rica","CRI",2002,13.8
"Côte d'Ivoire","CIV",2018,11.9
"Côte d'Ivoire","CIV",2019,12.1
"Croatia, Rep. of","HRV",2000,25.8
"Croatia, Rep. of","HRV",2001,24.9
"Croatia, Rep. of","HRV",2002,25.8
"Croatia, Rep. of","HRV",2003,25.3
"Croatia, Rep. of","HRV",2004,24.6
"Croatia, Rep. of","HRV",2005,24.6
"Croatia, Rep. of","HRV",2006,25.2
"Croatia, Rep. of","HRV",2007,25.3
"Croatia, Rep. of","HRV",2008,25.2
"Croatia, Rep. of","HRV",2009,24.4
"Croatia, Rep. of","HRV",2010,24.1
"Croatia, Rep. of","HRV",2011,23.5
"Croatia, Rep. of","HRV",2012,24.4
"Croatia, Rep. of","HRV",2013,25.3
"Croatia, Rep. of","HRV",2014,24.8
"Croatia, Rep. of","HRV",2015,25.2
"Croatia, Rep. of","HRV",2016,25.8
"Croatia, Rep. of","HRV",2017,25.8
"Croatia, Rep. of","HRV",1996,26.4
"Croatia, Rep. of","HRV",1997,25.4
"Croatia, Rep. of","HRV",1998,27.7
"Croatia, Rep. of","HRV",1999,26.6
"Croatia, Rep. of","HRV",1995,26
"Croatia, Rep. of","HRV",2018,26.5
"Croatia, Rep. of","HRV",2019,27
"Cyprus","CYP",2005,23.6
"Cyprus","CYP",2010,23.6
"Cyprus","CYP",2004,22.3
"Cyprus","CYP",2009,23.7
"Cyprus","CYP",2008,27.4
"Cyprus","CYP",2019,25
"Cyprus","CYP",1995,18.8
"Cyprus","CYP",2011,23.7
"Cyprus","CYP",2017,24.5
"Cyprus","CYP",2015,24.7
"Cyprus","CYP",2006,24.8
"Cyprus","CYP",2018,25
"Cyprus","CYP",2002,21.8
"Cyprus","CYP",2003,22.4
"Cyprus","CYP",2016,24
"Cyprus","CYP",2014,25.3
"Cyprus","CYP",1997,17.6
"Cyprus","CYP",2012,23.8
"Cyprus","CYP",2007,28.9
"Cyprus","CYP",2001,21.7
"Cyprus","CYP",2000,21.2
"Cyprus","CYP",1998,18.8
"Cyprus","CYP",2013,24.1
"Cyprus","CYP",1996,18.2
"Cyprus","CYP",1999,19.3
"Czech Rep.","CZE",1995,20.3
"Czech Rep.","CZE",1996,19
"Czech Rep.","CZE",1997,19
"Czech Rep.","CZE",1998,18.1
"Czech Rep.","CZE",1999,18.8
"Czech Rep.","CZE",2000,18.2
"Czech Rep.","CZE",2001,18.2
"Czech Rep.","CZE",2002,18.5
"Czech Rep.","CZE",2003,19.1
"Czech Rep.","CZE",2004,19.7
"Czech Rep.","CZE",2005,19.5
"Czech Rep.","CZE",2006,19.1
"Czech Rep.","CZE",2007,19.5
"Czech Rep.","CZE",2008,18.5
"Czech Rep.","CZE",2009,18.2
"Czech Rep.","CZE",2010,18.2
"Czech Rep.","CZE",2011,19.2
"Czech Rep.","CZE",2012,19.7
"Czech Rep.","CZE",2013,20.1
"Czech Rep.","CZE",2014,19.5
"Czech Rep.","CZE",2015,19.8
"Czech Rep.","CZE",2016,20.3
"Czech Rep.","CZE",2017,20.4
"Czech Rep.","CZE",2018,20.4
"Czech Rep.","CZE",2019,20.4
"Denmark","DNK",2015,46.1
"Denmark","DNK",2004,46.1
"Denmark","DNK",2003,45.3
"Denmark","DNK",2001,45.1
"Denmark","DNK",1999,47
"Denmark","DNK",2002,45.1
"Denmark","DNK",2011,44.8
"Denmark","DNK",2008,44.5
"Denmark","DNK",2007,46.1
"Denmark","DNK",1995,46.2
"Denmark","DNK",2017,45.9
"Denmark","DNK",2014,48.7
"Denmark","DNK",2013,46
"Denmark","DNK",2010,44.7
"Denmark","DNK",2016,45.5
"Denmark","DNK",2006,46.2
"Denmark","DNK",2018,44.3
"Denmark","DNK",1997,46.4
"Denmark","DNK",2019,46.3
"Denmark","DNK",1998,47
"Denmark","DNK",2012,45.5
"Denmark","DNK",2009,44.7
"Denmark","DNK",2000,46
"Denmark","DNK",2005,47.7
"Denmark","DNK",1996,46.4
"Egypt, Arab Rep. of","EGY",2014,12.2
"Egypt, Arab Rep. of","EGY",2015,12.5
"Egypt, Arab Rep. of","EGY",2013,13.5
"Egypt, Arab Rep. of","EGY",2012,12.4
"Egypt, Arab Rep. of","EGY",2002,12.8
"Egypt, Arab Rep. of","EGY",2003,12.7
"Egypt, Arab Rep. of","EGY",2004,13.2
"Egypt, Arab Rep. of","EGY",2005,13.4
"Egypt, Arab Rep. of","EGY",2006,15.1
"Egypt, Arab Rep. of","EGY",2007,14.6
"Egypt, Arab Rep. of","EGY",2008,14.6
"Egypt, Arab Rep. of","EGY",2009,14.9
"Egypt, Arab Rep. of","EGY",2010,13.4
"Egypt, Arab Rep. of","EGY",2011,13.3
"El Salvador","SLV",2009,15.6
"El Salvador","SLV",2004,12.9
"El Salvador","SLV",2010,16.7
"El Salvador","SLV",2007,17
"El Salvador","SLV",2006,15.9
"El Salvador","SLV",2016,17.7
"El Salvador","SLV",2017,18.1
"El Salvador","SLV",2005,14.8
"El Salvador","SLV",2002,12.3
"El Salvador","SLV",2018,18.4
"El Salvador","SLV",2012,17.2
"El Salvador","SLV",2011,16.3
"El Salvador","SLV",2008,17.9
"El Salvador","SLV",2003,12.9
"El Salvador","SLV",2015,17.1
"El Salvador","SLV",2014,17.1
"El Salvador","SLV",2019,18.3
"El Salvador","SLV",2013,17.4
"Estonia, Rep. of","EST",2018,21.2
"Estonia, Rep. of","EST",2019,21.3
"Estonia, Rep. of","EST",1995,23.1
"Estonia, Rep. of","EST",1996,22.4
"Estonia, Rep. of","EST",1997,22.5
"Estonia, Rep. of","EST",1998,22.6
"Estonia, Rep. of","EST",1999,21.4
"Estonia, Rep. of","EST",2000,20.1
"Estonia, Rep. of","EST",2001,19.7
"Estonia, Rep. of","EST",2002,20.1
"Estonia, Rep. of","EST",2003,20.2
"Estonia, Rep. of","EST",2017,21.2
"Estonia, Rep. of","EST",2015,21.8
"Estonia, Rep. of","EST",2016,21.9
"Estonia, Rep. of","EST",2014,21
"Estonia, Rep. of","EST",2013,20.4
"Estonia, Rep. of","EST",2011,19.5
"Estonia, Rep. of","EST",2007,20.5
"Estonia, Rep. of","EST",2010,20.1
"Estonia, Rep. of","EST",2004,20.6
"Estonia, Rep. of","EST",2005,19.5
"Estonia, Rep. of","EST",2006,20.3
"Estonia, Rep. of","EST",2008,19.6
"Estonia, Rep. of","EST",2009,21.8
"Estonia, Rep. of","EST",2012,20.2
"Finland","FIN",2017,30.8
"Finland","FIN",2013,30.8
"Finland","FIN",2018,30.4
"Finland","FIN",2014,30.9
"Finland","FIN",2012,29.8
"Finland","FIN",1996,32.3
"Finland","FIN",2007,29.9
"Finland","FIN",1998,32.5
"Finland","FIN",2016,30.9
"Finland","FIN",1995,30.6
"Finland","FIN",1999,32
"Finland","FIN",1997,32.4
"Finland","FIN",2019,30.2
"Finland","FIN",2015,30.8
"Finland","FIN",2006,30.3
"Finland","FIN",2009,28.6
"Finland","FIN",2002,31.7
"Finland","FIN",2004,30.5
"Finland","FIN",2011,29.7
"Finland","FIN",2005,30.5
"Finland","FIN",2001,31.4
"Finland","FIN",2000,34.1
"Finland","FIN",2008,29.5
"Finland","FIN",2003,31
"Finland","FIN",2010,28.4
"France","FRA",2015,28.9
"France","FRA",2002,26.6
"France","FRA",2009,25.9
"France","FRA",2010,26.1
"France","FRA",2003,26.2
"France","FRA",2008,26.9
"France","FRA",2014,28.8
"France","FRA",2000,27.6
"France","FRA",2011,27.2
"France","FRA",2016,28.9
"France","FRA",2004,26.6
"France","FRA",2005,27
"France","FRA",2001,27.4
"France","FRA",2007,27
"France","FRA",2012,28
"France","FRA",2013,28.7
"France","FRA",1995,23.9
"France","FRA",1996,25
"France","FRA",2019,30.5
"France","FRA",2017,29.5
"France","FRA",1999,28.1
"France","FRA",2006,27.3
"France","FRA",1997,25.7
"France","FRA",2018,30.1
"France","FRA",1998,27.6
"Georgia","GEO",2003,11.4
"Georgia","GEO",2002,12.1
"Georgia","GEO",2007,21
"Georgia","GEO",2016,24.5
"Georgia","GEO",2015,23.6
"Georgia","GEO",2017,24.3
"Georgia","GEO",2004,15.2
"Georgia","GEO",2013,23.3
"Georgia","GEO",2006,18.7
"Georgia","GEO",2014,23.3
"Georgia","GEO",1997,11
"Georgia","GEO",2005,16.6
"Georgia","GEO",2009,23.7
"Georgia","GEO",1998,10.5
"Georgia","GEO",2010,22.3
"Georgia","GEO",2008,24.2
"Georgia","GEO",2001,12.1
"Georgia","GEO",2012,24.5
"Georgia","GEO",1999,11.7
"Georgia","GEO",1995,5.7
"Georgia","GEO",1996,8.2
"Georgia","GEO",2018,23.4
"Georgia","GEO",2000,11.8
"Georgia","GEO",2011,24.1
"Georgia","GEO",2019,24.1
"Germany","DEU",2016,23.6
"Germany","DEU",2008,23.3
"Germany","DEU",1995,22.4
"Germany","DEU",2017,23.7
"Germany","DEU",2018,24.1
"Germany","DEU",2014,23
"Germany","DEU",2013,23.2
"Germany","DEU",2001,21.9
"Germany","DEU",2007,23
"Germany","DEU",2019,24.2
"Germany","DEU",2012,23
"Germany","DEU",1996,22.2
"Germany","DEU",1997,21.9
"Germany","DEU",2015,23.3
"Germany","DEU",2003,21.6
"Germany","DEU",2000,23.7
"Germany","DEU",2005,21.4
"Germany","DEU",2006,22.1
"Germany","DEU",1998,22.4
"Germany","DEU",2004,21.1
"Germany","DEU",2011,22.5
"Germany","DEU",2002,21.5
"Germany","DEU",1999,23.4
"Germany","DEU",2010,22
"Germany","DEU",2009,23
"Greece","GRC",2009,20.7
"Greece","GRC",1995,19.3
"Greece","GRC",2007,21.1
"Greece","GRC",2008,21.1
"Greece","GRC",2010,21.1
"Greece","GRC",1996,19.4
"Greece","GRC",2016,27.7
"Greece","GRC",2006,20.8
"Greece","GRC",2013,25.1
"Greece","GRC",2019,27.1
"Greece","GRC",2005,21.2
"Greece","GRC",2011,23.3
"Greece","GRC",2017,27.4
"Greece","GRC",2014,25.7
"Greece","GRC",2015,25.8
"Greece","GRC",2001,21.8
"Greece","GRC",1998,21.3
"Greece","GRC",2012,25.1
"Greece","GRC",2018,27.9
"Greece","GRC",2004,20
"Greece","GRC",1999,22.3
"Greece","GRC",2002,22.1
"Greece","GRC",2003,20.5
"Greece","GRC",2000,23.4
"Greece","GRC",1997,20.3
"Honduras","HND",2013,15.7
"Honduras","HND",2008,16.8
"Honduras","HND",2011,15.5
"Honduras","HND",2014,17.2
"Honduras","HND",2015,17.9
"Honduras","HND",2010,15.2
"Honduras","HND",2009,14.8
"Honduras","HND",2007,16.6
"Honduras","HND",2005,15.4
"Honduras","HND",2003,14.7
"Honduras","HND",2004,15.5
"Honduras","HND",2012,15.4
"Honduras","HND",2006,15.8
"Hungary","HUN",1998,24.2
"Hungary","HUN",2000,26.2
"Hungary","HUN",2007,25.8
"Hungary","HUN",2003,24.9
"Hungary","HUN",1999,25.5
"Hungary","HUN",1996,25.8
"Hungary","HUN",2002,24.8
"Hungary","HUN",1995,25.8
"Hungary","HUN",2017,25.3
"Hungary","HUN",2001,25.3
"Hungary","HUN",2014,25.2
"Hungary","HUN",2010,25.2
"Hungary","HUN",2008,25.8
"Hungary","HUN",2006,24.1
"Hungary","HUN",2018,25.1
"Hungary","HUN",2016,25.5
"Hungary","HUN",1997,24
"Hungary","HUN",2005,24.2
"Hungary","HUN",2009,26
"Hungary","HUN",2015,25.6
"Hungary","HUN",2013,25.1
"Hungary","HUN",2011,23.5
"Hungary","HUN",2012,25.4
"Hungary","HUN",2004,24.8
"Hungary","HUN",2019,25
"Iceland","ISL",1998,31.8
"Iceland","ISL",2010,28.4
"Iceland","ISL",2011,29.4
"Iceland","ISL",2007,35.6
"Iceland","ISL",1997,29.5
"Iceland","ISL",2014,33.6
"Iceland","ISL",2009,28.5
"Iceland","ISL",2012,30.4
"Iceland","ISL",2019,31.7
"Iceland","ISL",2004,33.3
"Iceland","ISL",1999,33.9
"Iceland","ISL",2008,31.6
"Iceland","ISL",2000,33.5
"Iceland","ISL",2006,36.5
"Iceland","ISL",2013,30.8
"Iceland","ISL",1996,29.7
"Iceland","ISL",2018,33
"Iceland","ISL",2003,32.2
"Iceland","ISL",2016,46.9
"Iceland","ISL",2001,31.2
"Iceland","ISL",2005,36.2
"Iceland","ISL",1995,28.9
"Iceland","ISL",2015,31.7
"Iceland","ISL",2002,30.9
"Iceland","ISL",2017,33.7
"Indonesia","IDN",2018,11.6
"Indonesia","IDN",2019,11.1
"Indonesia","IDN",2010,11.4
"Indonesia","IDN",2015,12
"Indonesia","IDN",2016,11.6
"Indonesia","IDN",2009,11.1
"Indonesia","IDN",2017,11.2
"Indonesia","IDN",2012,12.5
"Indonesia","IDN",2011,12.2
"Indonesia","IDN",2008,13
"Indonesia","IDN",2014,12.1
"Indonesia","IDN",2013,12.5
"Iran, Islamic Rep. of","IRN",2001,7.7
"Iran, Islamic Rep. of","IRN",2002,6.8
"Iran, Islamic Rep. of","IRN",2003,7.2
"Iran, Islamic Rep. of","IRN",2004,7.2
"Iran, Islamic Rep. of","IRN",2005,8.7
"Iran, Islamic Rep. of","IRN",2008,8.6
"Iran, Islamic Rep. of","IRN",2009,10
"Iran, Islamic Rep. of","IRN",2006,8.2
"Iran, Islamic Rep. of","IRN",2007,8.1
"Ireland","IRL",2009,22.8
"Ireland","IRL",2015,19.3
"Ireland","IRL",2014,23.9
"Ireland","IRL",2011,22.6
"Ireland","IRL",2007,26.6
"Ireland","IRL",2006,27.4
"Ireland","IRL",2001,24.7
"Ireland","IRL",2003,24.7
"Ireland","IRL",2008,24.5
"Ireland","IRL",2017,18.8
"Ireland","IRL",2004,25.6
"Ireland","IRL",2018,18.6
"Ireland","IRL",2016,19.6
"Ireland","IRL",2005,26.1
"Ireland","IRL",2000,26.9
"Ireland","IRL",2012,23.3
"Ireland","IRL",2010,22.6
"Ireland","IRL",2002,24.1
"Ireland","IRL",2019,18.1
"Ireland","IRL",2013,23.7
"Ireland","IRL",1999,27.2
"Ireland","IRL",1995,27.2
"Ireland","IRL",1998,27.1
"Ireland","IRL",1997,27.5
"Ireland","IRL",1996,27.9
"Israel","ISR",2017,27.1
"Israel","ISR",2003,27.3
"Israel","ISR",2007,28.6
"Israel","ISR",2001,29
"Israel","ISR",2005,27.9
"Israel","ISR",2004,27.4
"Israel","ISR",2018,25.5
"Israel","ISR",2008,26.3
"Israel","ISR",2000,29.4
"Israel","ISR",2006,28.6
"Israel","ISR",1998,27.9
"Israel","ISR",2016,25.7
"Israel","ISR",2014,25.7
"Israel","ISR",2009,24.4
"Israel","ISR",1997,28.8
"Israel","ISR",2002,28.1
"Israel","ISR",2019,24.9
"Israel","ISR",2015,25.8
"Israel","ISR",1996,28.4
"Israel","ISR",2010,25.1
"Israel","ISR",2013,25.5
"Israel","ISR",1995,29
"Israel","ISR",2012,24.7
"Israel","ISR",2011,25.4
"Italy","ITA",2004,27
"Italy","ITA",2017,28.9
"Italy","ITA",2001,28.1
"Italy","ITA",2003,27.8
"Italy","ITA",2018,28.5
"Italy","ITA",2007,28.8
"Italy","ITA",2019,28.9
"Italy","ITA",1998,28.8
"Italy","ITA",2016,29.2
"Italy","ITA",2002,27.7
"Italy","ITA",2008,28.2
"Italy","ITA",1997,27.8
"Italy","ITA",1999,28.9
"Italy","ITA",2006,28.2
"Italy","ITA",2000,28.2
"Italy","ITA",1996,26.3
"Italy","ITA",2013,30
"Italy","ITA",2010,28.1
"Italy","ITA",2005,26.8
"Italy","ITA",2012,30
"Italy","ITA",2014,29.9
"Italy","ITA",2015,29.6
"Italy","ITA",1995,26.1
"Italy","ITA",2009,28.2
"Italy","ITA",2011,28.2
"Japan","JPN",2013,17.4
"Japan","JPN",2016,18.6
"Japan","JPN",1998,16.8
"Japan","JPN",2015,18.8
"Japan","JPN",1999,16.6
"Japan","JPN",2017,19
"Japan","JPN",2012,16.7
"Japan","JPN",1996,17.6
"Japan","JPN",2003,15.4
"Japan","JPN",2018,19.4
"Japan","JPN",2011,16.4
"Japan","JPN",2001,16.8
"Japan","JPN",2005,16.8
"Japan","JPN",1997,17.5
"Japan","JPN",2014,18.7
"Japan","JPN",1995,17.6
"Japan","JPN",2019,19
"Japan","JPN",2002,15.6
"Japan","JPN",2009,15.5
"Japan","JPN",2000,17.2
"Japan","JPN",2008,16.5
"Japan","JPN",2010,15.7
"Japan","JPN",2004,15.9
"Japan","JPN",2007,17.7
"Japan","JPN",2006,17.5
"Jordan","JOR",2011,15.4
"Jordan","JOR",2013,15.7
"Jordan","JOR",2012,15.7
"Jordan","JOR",2008,18.2
"Jordan","JOR",2010,16.4
"Jordan","JOR",2009,17.5
"Jordan","JOR",2018,16.2
"Kazakhstan, Rep. of","KAZ",2013,19.5
"Kazakhstan, Rep. of","KAZ",2014,17.8
"Kazakhstan, Rep. of","KAZ",2015,13.6
"Kazakhstan, Rep. of","KAZ",2016,12.4
"Kazakhstan, Rep. of","KAZ",2017,13.8
"Kazakhstan, Rep. of","KAZ",2018,15.1
"Kazakhstan, Rep. of","KAZ",2019,15.1
"Kazakhstan, Rep. of","KAZ",2011,21.7
"Kazakhstan, Rep. of","KAZ",2012,16.9
"Kazakhstan, Rep. of","KAZ",2002,19.9
"Kazakhstan, Rep. of","KAZ",2003,20.5
"Kazakhstan, Rep. of","KAZ",2004,20.2
"Kazakhstan, Rep. of","KAZ",2010,19.6
"Kazakhstan, Rep. of","KAZ",2001,19.6
"Kazakhstan, Rep. of","KAZ",2000,20.2
"Kenya","KEN",2019,16
"Kenya","KEN",2018,15.2
"Kenya","KEN",2016,16.3
"Kenya","KEN",2014,16.9
"Kenya","KEN",2015,16.3
"Kenya","KEN",2017,15.8
"Kiribati","KIR",2015,22.7
"Kiribati","KIR",2019,24.9
"Kiribati","KIR",2016,25.5
"Kiribati","KIR",2014,18.4
"Kiribati","KIR",2012,19
"Kiribati","KIR",2013,18.6
"Kiribati","KIR",2017,22.6
"Kiribati","KIR",2018,21.3
"Kiribati","KIR",2011,18.3
"Korea, Rep. of","KOR",2007,18.8
"Korea, Rep. of","KOR",2008,18.6
"Korea, Rep. of","KOR",2009,17.4
"Korea, Rep. of","KOR",2017,19
"Korea, Rep. of","KOR",2018,20.1
"Korea, Rep. of","KOR",2016,18.4
"Korea, Rep. of","KOR",2010,17.2
"Korea, Rep. of","KOR",2013,17.3
"Korea, Rep. of","KOR",2015,17.6
"Korea, Rep. of","KOR",2019,20.1
"Korea, Rep. of","KOR",2012,18
"Korea, Rep. of","KOR",2014,17.3
"Korea, Rep. of","KOR",2011,17.6
"Kyrgyz Rep.","KGZ",2014,20.4
"Kyrgyz Rep.","KGZ",2015,19.7
"Kyrgyz Rep.","KGZ",2016,19.5
"Kyrgyz Rep.","KGZ",2017,19.3
"Kyrgyz Rep.","KGZ",2018,20.2
"Kyrgyz Rep.","KGZ",2019,20.3
"Latvia","LVA",2007,20.3
"Latvia","LVA",2002,18.8
"Latvia","LVA",2008,19.9
"Latvia","LVA",2004,19.3
"Latvia","LVA",2006,20.5
"Latvia","LVA",2015,21.4
"Latvia","LVA",2018,21.7
"Latvia","LVA",2000,19.5
"Latvia","LVA",2005,19.8
"Latvia","LVA",2003,19.1
"Latvia","LVA",2011,19.5
"Latvia","LVA",2012,20.3
"Latvia","LVA",2019,21.1
"Latvia","LVA",2014,21.1
"Latvia","LVA",1995,19.6
"Latvia","LVA",2001,19.5
"Latvia","LVA",2017,22.6
"Latvia","LVA",1999,20.8
"Latvia","LVA",1997,20.7
"Latvia","LVA",1996,19.2
"Latvia","LVA",2013,20.7
"Latvia","LVA",2009,18.2
"Latvia","LVA",1998,21.8
"Latvia","LVA",2016,22.6
"Latvia","LVA",2010,19.7
"Lesotho, Kingdom of","LSO",2007,37.9
"Lesotho, Kingdom of","LSO",2003,30.5
"Lesotho, Kingdom of","LSO",2004,33.1
"Lesotho, Kingdom of","LSO",2005,32.5
"Lesotho, Kingdom of","LSO",2006,39.3
"Lithuania","LTU",2003,19.5
"Lithuania","LTU",2002,19.8
"Lithuania","LTU",1998,22.8
"Lithuania","LTU",2001,19.9
"Lithuania","LTU",2012,16
"Lithuania","LTU",2013,15.9
"Lithuania","LTU",2014,16.2
"Lithuania","LTU",2006,20.9
"Lithuania","LTU",2019,20.4
"Lithuania","LTU",2000,20.9
"Lithuania","LTU",1999,22.8
"Lithuania","LTU",2011,16
"Lithuania","LTU",2004,19.8
"Lithuania","LTU",1995,20.5
"Lithuania","LTU",2010,16.5
"Lithuania","LTU",1997,22.3
"Lithuania","LTU",2018,17.2
"Lithuania","LTU",1996,19.6
"Lithuania","LTU",2009,17.5
"Lithuania","LTU",2008,20.8
"Lithuania","LTU",2007,20.7
"Lithuania","LTU",2016,17.3
"Lithuania","LTU",2017,17
"Lithuania","LTU",2015,17.1
"Lithuania","LTU",2005,20.2
"Luxembourg","LUX",2016,25.8
"Luxembourg","LUX",2019,27.9
"Luxembourg","LUX",2017,26.6
"Luxembourg","LUX",1995,27.1
"Luxembourg","LUX",2009,26.9
"Luxembourg","LUX",2002,27
"Luxembourg","LUX",2003,26.9
"Luxembourg","LUX",2018,28.5
"Luxembourg","LUX",2013,27.3
"Luxembourg","LUX",2014,27
"Luxembourg","LUX",2011,26.4
"Luxembourg","LUX",2012,27.3
"Luxembourg","LUX",2004,26.1
"Luxembourg","LUX",2005,27.2
"Luxembourg","LUX",2015,25.5
"Luxembourg","LUX",2001,27.2
"Luxembourg","LUX",2008,26.4
"Luxembourg","LUX",1998,29.1
"Luxembourg","LUX",2010,26.8
"Luxembourg","LUX",1996,27.6
"Luxembourg","LUX",1997,29.1
"Luxembourg","LUX",1999,28.2
"Luxembourg","LUX",2000,27.5
"Luxembourg","LUX",2007,26.3
"Luxembourg","LUX",2006,25.8
"Malaysia","MYS",2001,17.2
"Malaysia","MYS",2000,13.6
"Maldives","MDV",1999,11
"Maldives","MDV",2001,10.7
"Maldives","MDV",2005,11.6
"Maldives","MDV",2004,10.5
"Maldives","MDV",2009,9.1
"Maldives","MDV",2000,10.7
"Maldives","MDV",2006,11.8
"Maldives","MDV",1996,11.5
"Maldives","MDV",2003,9.4
"Maldives","MDV",1998,11.1
"Maldives","MDV",1997,11.3
"Maldives","MDV",2008,11.6
"Maldives","MDV",2007,12.1
"Maldives","MDV",2002,10.3
"Maldives","MDV",1995,11.6
"Malta","MLT",2001,22.1
"Malta","MLT",2006,25.8
"Malta","MLT",2007,26.8
"Malta","MLT",2014,26
"Malta","MLT",2000,20.9
"Malta","MLT",2003,23.2
"Malta","MLT",2005,25.3
"Malta","MLT",2018,25
"Malta","MLT",2002,23.1
"Malta","MLT",2011,25.8
"Malta","MLT",2013,25.7
"Malta","MLT",1999,21.9
"Malta","MLT",2019,24.7
"Malta","MLT",2015,24.3
"Malta","MLT",2016,25.2
"Malta","MLT",2004,23.6
"Malta","MLT",2012,25.7
"Malta","MLT",2010,25.3
"Malta","MLT",2008,25.8
"Malta","MLT",2009,26
"Malta","MLT",2017,25
"Malta","MLT",1998,19.9
"Malta","MLT",1996,20.2
"Malta","MLT",1997,21.8
"Malta","MLT",1995,22.3
"Mauritius","MUS",2015,9
"Mauritius","MUS",2012,18.8
"Mauritius","MUS",2004,15.8
"Mauritius","MUS",2013,18.4
"Mauritius","MUS",2011,18.2
"Mauritius","MUS",2009,18.3
"Mauritius","MUS",2014,18.5
"Mauritius","MUS",2002,14.6
"Mauritius","MUS",2010,18.3
"Mauritius","MUS",2006,16.3
"Mauritius","MUS",2008,17.2
"Mauritius","MUS",2017,18.6
"Mauritius","MUS",2016,18.2
"Mauritius","MUS",2018,19.2
"Mauritius","MUS",2005,16.8
"Mauritius","MUS",2019,20
"Mauritius","MUS",2007,15.4
"Mauritius","MUS",2003,15.7
"Mexico","MEX",2019,14.1
"Mexico","MEX",2018,14
"Mexico","MEX",2014,11.5
"Mexico","MEX",1997,11.8
"Mexico","MEX",2015,13.7
"Mexico","MEX",2009,10.3
"Mexico","MEX",2017,13.9
"Mexico","MEX",1995,11
"Mexico","MEX",1996,11.4
"Mexico","MEX",2010,10.8
"Mexico","MEX",2016,14.4
"Mexico","MEX",2013,11.1
"Mexico","MEX",2011,10.7
"Mexico","MEX",1998,10.9
"Mexico","MEX",2012,10.6
"Mexico","MEX",2008,10.6
"Moldova, Rep. of","MDA",2002,17.8
"Moldova, Rep. of","MDA",2003,20.7
"Moldova, Rep. of","MDA",2004,21.5
"Moldova, Rep. of","MDA",2005,23.3
"Moldova, Rep. of","MDA",2006,24.7
"Moldova, Rep. of","MDA",2007,25.6
"Moldova, Rep. of","MDA",2008,24.5
"Moldova, Rep. of","MDA",2009,21.6
"Moldova, Rep. of","MDA",2019,19.1
"Moldova, Rep. of","MDA",2010,18.1
"Moldova, Rep. of","MDA",2011,18.1
"Moldova, Rep. of","MDA",2012,19.4
"Moldova, Rep. of","MDA",2013,19.2
"Moldova, Rep. of","MDA",2014,19.1
"Moldova, Rep. of","MDA",2015,18.3
"Moldova, Rep. of","MDA",2016,18.2
"Moldova, Rep. of","MDA",2018,19.8
"Moldova, Rep. of","MDA",2017,19.3
"Mongolia","MNG",1995,11.8
"Mongolia","MNG",2016,14.7
"Mongolia","MNG",2014,16.1
"Mongolia","MNG",2017,17.2
"Mongolia","MNG",2015,14.9
"Mongolia","MNG",2000,15.5
"Mongolia","MNG",1996,11.9
"Mongolia","MNG",1997,13.1
"Mongolia","MNG",1998,11.6
"Mongolia","MNG",1999,12
"Mongolia","MNG",2001,16.8
"Mongolia","MNG",2007,25.6
"Mongolia","MNG",2003,16.5
"Mongolia","MNG",2013,18.9
"Mongolia","MNG",2009,19.2
"Mongolia","MNG",2011,20.8
"Mongolia","MNG",2018,20.5
"Mongolia","MNG",2008,23.2
"Mongolia","MNG",2006,30.6
"Mongolia","MNG",2010,21.7
"Mongolia","MNG",2012,18
"Mongolia","MNG",2002,15.8
"Morocco","MAR",2006,22.5
"Morocco","MAR",2009,24.4
"Morocco","MAR",2008,27.3
"Morocco","MAR",2011,24.3
"Morocco","MAR",2005,22
"Morocco","MAR",2007,24.9
"Morocco","MAR",2004,19.9
"Morocco","MAR",2002,20.1
"Morocco","MAR",2003,19.7
"Morocco","MAR",2010,23.8
"Myanmar","MMR",2017,6.7
"Myanmar","MMR",2016,7.8
"Myanmar","MMR",2015,6.4
"Myanmar","MMR",2014,6.3
"Myanmar","MMR",2012,4.8
"Myanmar","MMR",2019,6.6
"Myanmar","MMR",2018,3
"Myanmar","MMR",2013,5.9
"Namibia","NAM",2017,31.7
"Namibia","NAM",2018,29.2
"Namibia","NAM",2016,30.1
"Nauru, Rep. of","NRU",2014,18.9
"Nauru, Rep. of","NRU",2015,16.6
"Nauru, Rep. of","NRU",2016,24.6
"Nauru, Rep. of","NRU",2017,22.5
"Nauru, Rep. of","NRU",2018,33.9
"Nepal","NPL",2019,20.3
"Netherlands, The","NLD",2009,22.2
"Netherlands, The","NLD",2010,22.3
"Netherlands, The","NLD",2011,21.5
"Netherlands, The","NLD",2012,20.8
"Netherlands, The","NLD",2013,21.1
"Netherlands, The","NLD",2014,22
"Netherlands, The","NLD",2015,22.6
"Netherlands, The","NLD",2016,23.3
"Netherlands, The","NLD",2017,24.5
"Netherlands, The","NLD",2018,24.4
"Netherlands, The","NLD",2019,25.4
"Netherlands, The","NLD",2002,22.4
"Netherlands, The","NLD",2003,21.7
"Netherlands, The","NLD",2004,21.5
"Netherlands, The","NLD",2005,22.6
"Netherlands, The","NLD",2001,22.5
"Netherlands, The","NLD",2006,22.8
"Netherlands, The","NLD",2007,22.8
"Netherlands, The","NLD",2008,22.3
"Netherlands, The","NLD",2000,22.2
"Netherlands, The","NLD",1995,22
"Netherlands, The","NLD",1996,22.7
"Netherlands, The","NLD",1997,22.2
"Netherlands, The","NLD",1998,22
"Netherlands, The","NLD",1999,22.5
"New Zealand","NZL",2011,28
"New Zealand","NZL",2015,30
"New Zealand","NZL",2012,29.3
"New Zealand","NZL",2013,29.4
"New Zealand","NZL",2014,29.2
"New Zealand","NZL",2010,28.5
"New Zealand","NZL",2018,29.9
"New Zealand","NZL",2016,29.9
"New Zealand","NZL",2017,29.8
"New Zealand","NZL",2009,32.2
"New Zealand","NZL",2019,30.7
"North Macedonia, Republic of","MKD",2006,19
"North Macedonia, Republic of","MKD",2007,20.1
"North Macedonia, Republic of","MKD",2013,16.9
"North Macedonia, Republic of","MKD",2014,17.5
"North Macedonia, Republic of","MKD",2015,18.1
"North Macedonia, Republic of","MKD",2016,18.3
"North Macedonia, Republic of","MKD",2017,18.4
"North Macedonia, Republic of","MKD",2018,18.9
"North Macedonia, Republic of","MKD",2019,18.2
"Norway","NOR",2008,32.8
"Norway","NOR",2007,33.5
"Norway","NOR",2004,33.2
"Norway","NOR",2019,29.5
"Norway","NOR",1995,31
"Norway","NOR",1997,31.5
"Norway","NOR",2009,31.7
"Norway","NOR",2018,29.6
"Norway","NOR",1999,31.4
"Norway","NOR",2017,28.6
"Norway","NOR",2005,33.9
"Norway","NOR",2016,28.4
"Norway","NOR",2003,32
"Norway","NOR",2002,32.7
"Norway","NOR",1996,31.6
"Norway","NOR",1998,30.9
"Norway","NOR",2015,28.1
"Norway","NOR",2013,30.5
"Norway","NOR",2000,33
"Norway","NOR",2006,34.3
"Norway","NOR",2011,32.8
"Norway","NOR",2001,33
"Norway","NOR",2010,32.6
"Norway","NOR",2012,32.2
"Norway","NOR",2014,29
"Palau, Rep. of","PLW",2010,17.1
"Palau, Rep. of","PLW",2011,18
"Palau, Rep. of","PLW",2008,16.6
"Palau, Rep. of","PLW",2009,16.1
"Palau, Rep. of","PLW",2012,18.5
"Palau, Rep. of","PLW",2018,21.3
"Palau, Rep. of","PLW",2014,19.4
"Palau, Rep. of","PLW",2017,19.9
"Palau, Rep. of","PLW",2013,18.6
"Palau, Rep. of","PLW",2015,20.4
"Palau, Rep. of","PLW",2016,20
"Paraguay","PRY",2009,8.7
"Paraguay","PRY",2017,10.5
"Paraguay","PRY",2012,10
"Paraguay","PRY",2019,10.3
"Paraguay","PRY",2008,8.5
"Paraguay","PRY",2018,10.6
"Paraguay","PRY",2016,10.1
"Paraguay","PRY",2013,9.6
"Paraguay","PRY",2014,10.3
"Paraguay","PRY",2011,9.9
"Paraguay","PRY",2005,8.7
"Paraguay","PRY",2006,8.7
"Paraguay","PRY",2007,8.3
"Paraguay","PRY",2010,9.2
"Paraguay","PRY",2015,10.3
"Peru","PER",2002,13
"Peru","PER",2009,14.7
"Peru","PER",2008,16.7
"Peru","PER",2010,15.7
"Peru","PER",2005,14.8
"Peru","PER",2001,13.4
"Peru","PER",2011,16.4
"Peru","PER",2000,13.2
"Peru","PER",2004,14.1
"Peru","PER",2006,16.1
"Peru","PER",2007,16.7
"Peru","PER",2013,16.8
"Peru","PER",2018,14.5
"Peru","PER",2003,13.7
"Peru","PER",2014,17
"Peru","PER",1999,13.7
"Peru","PER",1998,15
"Peru","PER",1995,14.5
"Peru","PER",1996,15
"Peru","PER",2012,16.9
"Peru","PER",2019,14.8
"Peru","PER",2017,13.4
"Peru","PER",2015,15.2
"Peru","PER",1997,15.2
"Peru","PER",2016,14
"Philippines","PHL",2014,13.8
"Philippines","PHL",2012,13.1
"Philippines","PHL",2017,14.4
"Philippines","PHL",2013,13.5
"Philippines","PHL",2015,13.9
"Philippines","PHL",2016,13.9
"Poland, Rep. of","POL",2009,20.2
"Poland, Rep. of","POL",2010,20.4
"Poland, Rep. of","POL",2011,20.6
"Poland, Rep. of","POL",2012,20
"Poland, Rep. of","POL",2013,19.5
"Poland, Rep. of","POL",2014,19.7
"Poland, Rep. of","POL",2015,19.9
"Poland, Rep. of","POL",2016,20.5
"Poland, Rep. of","POL",2017,21.1
"Poland, Rep. of","POL",2018,21.9
"Poland, Rep. of","POL",2019,21.9
"Poland, Rep. of","POL",2003,19.9
"Poland, Rep. of","POL",2004,19.8
"Poland, Rep. of","POL",2005,20.7
"Poland, Rep. of","POL",2006,21.5
"Poland, Rep. of","POL",2007,22.7
"Poland, Rep. of","POL",2008,22.9
"Poland, Rep. of","POL",2000,20.1
"Poland, Rep. of","POL",2001,19.5
"Poland, Rep. of","POL",2002,20.2
"Poland, Rep. of","POL",1997,24.9
"Poland, Rep. of","POL",1998,24
"Poland, Rep. of","POL",1999,21.6
"Poland, Rep. of","POL",1996,25.8
"Poland, Rep. of","POL",1995,26.1
"Portugal","PRT",1996,22.2
"Portugal","PRT",2016,24.8
"Portugal","PRT",2012,22.9
"Portugal","PRT",2015,25.3
"Portugal","PRT",2009,21.2
"Portugal","PRT",2011,23.2
"Portugal","PRT",2017,24.8
"Portugal","PRT",2018,25.3
"Portugal","PRT",2014,25.1
"Portugal","PRT",2001,22.4
"Portugal","PRT",2005,22.6
"Portugal","PRT",2006,23.2
"Portugal","PRT",2019,24.9
"Portugal","PRT",2008,23.3
"Portugal","PRT",2010,21.7
"Portugal","PRT",1997,21.9
"Portugal","PRT",2013,25
"Portugal","PRT",2000,22.8
"Portugal","PRT",1998,22.2
"Portugal","PRT",1999,22.9
"Portugal","PRT",2003,21.8
"Portugal","PRT",1995,21.3
"Portugal","PRT",2004,22
"Portugal","PRT",2002,22.8
"Portugal","PRT",2007,23.6
"Romania","ROU",2009,16.2
"Romania","ROU",2005,18.3
"Romania","ROU",1999,20
"Romania","ROU",1998,19.4
"Romania","ROU",2008,17.6
"Romania","ROU",2007,18.7
"Romania","ROU",2015,19.9
"Romania","ROU",2002,17.4
"Romania","ROU",2003,18.8
"Romania","ROU",2013,18.7
"Romania","ROU",2004,18.4
"Romania","ROU",2016,17.8
"Romania","ROU",2006,18.9
"Romania","ROU",1997,19.4
"Romania","ROU",1996,19.3
"Romania","ROU",2018,15.3
"Romania","ROU",2010,17.7
"Romania","ROU",2001,17.7
"Romania","ROU",2019,15.4
"Romania","ROU",1995,20.8
"Romania","ROU",2012,19
"Romania","ROU",2011,19.1
"Romania","ROU",2000,19.2
"Romania","ROU",2017,16.4
"Romania","ROU",2014,18.9
"Russian Federation","RUS",2014,21.2
"Russian Federation","RUS",2015,18.9
"Russian Federation","RUS",2005,24.9
"Russian Federation","RUS",2013,21
"Russian Federation","RUS",2008,24.2
"Russian Federation","RUS",2016,18
"Russian Federation","RUS",2002,22.3
"Russian Federation","RUS",2010,21.3
"Russian Federation","RUS",2006,24.7
"Russian Federation","RUS",2019,20.1
"Russian Federation","RUS",2018,20.5
"Russian Federation","RUS",2012,22.3
"Russian Federation","RUS",2017,19.2
"Russian Federation","RUS",2007,25.2
"Russian Federation","RUS",2004,21.7
"Russian Federation","RUS",2001,23.9
"Russian Federation","RUS",2011,22.3
"Russian Federation","RUS",2003,21.1
"Russian Federation","RUS",2000,22.7
"Russian Federation","RUS",2009,21.1
"Rwanda","RWA",2015,13.4
"Rwanda","RWA",2017,14.1
"Rwanda","RWA",2014,13.1
"Rwanda","RWA",2018,14.9
"Rwanda","RWA",2016,14.9
"Rwanda","RWA",2019,15.1
"Samoa","WSM",2015,23.6
"Samoa","WSM",2012,20.9
"Samoa","WSM",2013,23.5
"Samoa","WSM",2014,24.9
"Samoa","WSM",2019,26.2
"Samoa","WSM",2016,24.3
"Samoa","WSM",2017,25
"Samoa","WSM",2018,25.4
"San Marino, Rep. of","SMR",2002,18.1
"San Marino, Rep. of","SMR",2003,16.9
"San Marino, Rep. of","SMR",2013,17.1
"San Marino, Rep. of","SMR",2014,18.4
"San Marino, Rep. of","SMR",2015,17.9
"San Marino, Rep. of","SMR",2016,16.7
"San Marino, Rep. of","SMR",2018,18
"San Marino, Rep. of","SMR",2019,17.1
"San Marino, Rep. of","SMR",2012,18
"San Marino, Rep. of","SMR",2007,17.6
"San Marino, Rep. of","SMR",2009,16.9
"San Marino, Rep. of","SMR",2017,16.5
"San Marino, Rep. of","SMR",2008,17.7
"San Marino, Rep. of","SMR",2011,16.2
"San Marino, Rep. of","SMR",2010,15.6
"San Marino, Rep. of","SMR",2006,17.2
"San Marino, Rep. of","SMR",2004,15.9
"San Marino, Rep. of","SMR",2005,16.9
"Saudi Arabia","SAU",2018,8.9
"Saudi Arabia","SAU",2019,7.4
"Senegal","SEN",2016,16.8
"Senegal","SEN",2019,18.6
"Senegal","SEN",2015,15.9
"Senegal","SEN",2017,16.4
"Senegal","SEN",2018,16.4
"Serbia, Rep. of","SRB",2018,25
"Serbia, Rep. of","SRB",2019,25.4
"Serbia, Rep. of","SRB",2008,24.4
"Serbia, Rep. of","SRB",2012,22.7
"Serbia, Rep. of","SRB",2007,24.6
"Serbia, Rep. of","SRB",2009,23
"Serbia, Rep. of","SRB",2010,23.3
"Serbia, Rep. of","SRB",2011,22.2
"Serbia, Rep. of","SRB",2013,22.1
"Serbia, Rep. of","SRB",2014,23.3
"Serbia, Rep. of","SRB",2015,23.7
"Serbia, Rep. of","SRB",2016,24.7
"Serbia, Rep. of","SRB",2017,25.4
"Seychelles","SYC",1995,27.6
"Seychelles","SYC",2007,23.2
"Seychelles","SYC",2005,27.3
"Seychelles","SYC",2000,26.1
"Seychelles","SYC",2008,22.4
"Seychelles","SYC",2018,31.7
"Seychelles","SYC",2016,31.7
"Seychelles","SYC",1996,26.9
"Seychelles","SYC",2010,27.9
"Seychelles","SYC",1998,26.4
"Seychelles","SYC",2014,30.1
"Seychelles","SYC",2006,24.7
"Seychelles","SYC",2015,29.6
"Seychelles","SYC",1997,27
"Seychelles","SYC",2017,32.5
"Seychelles","SYC",1999,27.2
"Seychelles","SYC",2013,28.1
"Seychelles","SYC",2012,30.4
"Seychelles","SYC",2009,25.2
"Seychelles","SYC",2011,33
"Singapore","SGP",2012,13.6
"Singapore","SGP",2000,14.9
"Singapore","SGP",1999,14.5
"Singapore","SGP",2015,13.1
"Singapore","SGP",1998,14
"Singapore","SGP",2001,14.6
"Singapore","SGP",2014,13.6
"Singapore","SGP",2013,13.3
"Singapore","SGP",2003,12.4
"Singapore","SGP",2011,13.1
"Singapore","SGP",2018,13.1
"Singapore","SGP",2017,14
"Singapore","SGP",2009,13
"Singapore","SGP",2010,12.8
"Singapore","SGP",1997,15.3
"Singapore","SGP",2007,12.8
"Singapore","SGP",2002,12.7
"Singapore","SGP",2019,13.3
"Singapore","SGP",1996,15.9
"Singapore","SGP",2006,11.8
"Singapore","SGP",1995,15.8
"Singapore","SGP",2008,13.8
"Singapore","SGP",2004,11.6
"Singapore","SGP",2016,13.3
"Singapore","SGP",2005,11.6
"Slovak Rep.","SVK",2007,17.4
"Slovak Rep.","SVK",2006,17.5
"Slovak Rep.","SVK",2005,18.7
"Slovak Rep.","SVK",2017,19.1
"Slovak Rep.","SVK",2018,19.1
"Slovak Rep.","SVK",2019,19.2
"Slovak Rep.","SVK",1995,24.8
"Slovak Rep.","SVK",1996,23
"Slovak Rep.","SVK",1997,22
"Slovak Rep.","SVK",1998,21.6
"Slovak Rep.","SVK",1999,21.2
"Slovak Rep.","SVK",2000,19.9
"Slovak Rep.","SVK",2001,18.7
"Slovak Rep.","SVK",2002,18.5
"Slovak Rep.","SVK",2003,19
"Slovak Rep.","SVK",2004,18.6
"Slovak Rep.","SVK",2009,16.2
"Slovak Rep.","SVK",2010,15.8
"Slovak Rep.","SVK",2011,16.8
"Slovak Rep.","SVK",2012,16.2
"Slovak Rep.","SVK",2015,18.7
"Slovak Rep.","SVK",2014,18.2
"Slovak Rep.","SVK",2016,18.7
"Slovak Rep.","SVK",2008,17.1
"Slovak Rep.","SVK",2013,17.4
"Slovenia, Rep. of","SVN",1995,21.9
"Slovenia, Rep. of","SVN",1996,22.6
"Slovenia, Rep. of","SVN",1997,22.2
"Slovenia, Rep. of","SVN",1998,22.9
"Slovenia, Rep. of","SVN",1999,23.5
"Slovenia, Rep. of","SVN",2006,23.8
"Slovenia, Rep. of","SVN",2007,23.4
"Slovenia, Rep. of","SVN",2008,22.7
"Slovenia, Rep. of","SVN",2000,22.8
"Slovenia, Rep. of","SVN",2001,22.7
"Slovenia, Rep. of","SVN",2002,23.3
"Slovenia, Rep. of","SVN",2003,23.5
"Slovenia, Rep. of","SVN",2004,23.5
"Slovenia, Rep. of","SVN",2005,24
"Slovenia, Rep. of","SVN",2018,21.9
"Slovenia, Rep. of","SVN",2017,21.8
"Slovenia, Rep. of","SVN",2016,22.1
"Slovenia, Rep. of","SVN",2019,21.8
"Slovenia, Rep. of","SVN",2015,22
"Slovenia, Rep. of","SVN",2011,21.8
"Slovenia, Rep. of","SVN",2012,21.9
"Slovenia, Rep. of","SVN",2014,22
"Slovenia, Rep. of","SVN",2010,22.1
"Slovenia, Rep. of","SVN",2013,21.9
"Slovenia, Rep. of","SVN",2009,21.6
"Somalia","SOM",2018,5
"Somalia","SOM",2017,4.4
"South Africa","ZAF",2017,27.8
"South Africa","ZAF",2018,28.2
"South Africa","ZAF",1998,26.3
"South Africa","ZAF",1997,25.3
"South Africa","ZAF",2010,26.4
"South Africa","ZAF",2003,24.9
"South Africa","ZAF",2019,28.5
"South Africa","ZAF",2000,25.3
"South Africa","ZAF",2013,27.5
"South Africa","ZAF",2001,25.8
"South Africa","ZAF",1999,26
"South Africa","ZAF",2006,28.5
"South Africa","ZAF",2014,28.1
"South Africa","ZAF",2016,28.7
"South Africa","ZAF",2008,27.9
"South Africa","ZAF",2007,28.9
"South Africa","ZAF",2002,24.9
"South Africa","ZAF",2005,27.4
"South Africa","ZAF",1995,23.8
"South Africa","ZAF",2015,28.9
"South Africa","ZAF",2009,25.7
"South Africa","ZAF",1996,24.3
"South Africa","ZAF",2012,27
"South Africa","ZAF",2011,26.6
"South Africa","ZAF",2004,25.9
"Spain","ESP",2018,22.8
"Spain","ESP",2019,22.3
"Spain","ESP",1996,19.9
"Spain","ESP",2009,17.6
"Spain","ESP",2016,22
"Spain","ESP",1995,19.8
"Spain","ESP",2013,21.6
"Spain","ESP",2014,22.1
"Spain","ESP",2010,19.3
"Spain","ESP",2011,19.3
"Spain","ESP",2017,22.2
"Spain","ESP",2002,21.4
"Spain","ESP",2003,21.3
"Spain","ESP",2001,20.9
"Spain","ESP",2005,23.4
"Spain","ESP",2007,24.5
"Spain","ESP",2008,20.1
"Spain","ESP",1997,20.6
"Spain","ESP",1998,21.4
"Spain","ESP",2012,20.6
"Spain","ESP",2006,24.1
"Spain","ESP",2015,22.3
"Spain","ESP",2000,21.4
"Spain","ESP",1999,21.5
"Spain","ESP",2004,22.1
"Sweden","SWE",2004,42.1
"Sweden","SWE",2005,43.4
"Sweden","SWE",2011,39.1
"Sweden","SWE",2018,40.9
"Sweden","SWE",2006,43.1
"Sweden","SWE",1998,43.9
"Sweden","SWE",2002,41.3
"Sweden","SWE",2003,41.8
"Sweden","SWE",2008,41.1
"Sweden","SWE",2001,42.2
"Sweden","SWE",1996,41.9
"Sweden","SWE",2007,42.1
"Sweden","SWE",2013,39.6
"Sweden","SWE",1995,40.2
"Sweden","SWE",2010,40.1
"Sweden","SWE",2016,41.2
"Sweden","SWE",2017,41.2
"Sweden","SWE",2014,39.3
"Sweden","SWE",2015,39.8
"Sweden","SWE",2000,43.8
"Sweden","SWE",1999,44.5
"Sweden","SWE",1997,41.8
"Sweden","SWE",2019,40.1
"Sweden","SWE",2009,40.8
"Sweden","SWE",2012,39.2
"Switzerland","CHE",2019,20.8
"Switzerland","CHE",2009,19.8
"Switzerland","CHE",2010,19.6
"Switzerland","CHE",2008,19.8
"Switzerland","CHE",2018,20.4
"Switzerland","CHE",2016,20.1
"Switzerland","CHE",2015,20.1
"Switzerland","CHE",2002,20
"Switzerland","CHE",2003,19.6
"Switzerland","CHE",2004,19.6
"Switzerland","CHE",2005,19.7
"Switzerland","CHE",2006,19.6
"Switzerland","CHE",2007,19.5
"Switzerland","CHE",1995,18.3
"Switzerland","CHE",1996,18.7
"Switzerland","CHE",2011,19.6
"Switzerland","CHE",2012,19.4
"Switzerland","CHE",2013,19.5
"Switzerland","CHE",2017,20.8
"Switzerland","CHE",2001,19.6
"Switzerland","CHE",1997,18.4
"Switzerland","CHE",1998,19.4
"Switzerland","CHE",1999,19.5
"Switzerland","CHE",2014,19.5
"Switzerland","CHE",2000,20.4
"Tajikistan, Rep. of","TJK",2003,12.8
"Tajikistan, Rep. of","TJK",2004,12.7
"Tanzania, United Rep. of","TZA",2014,11.7
"Thailand","THA",2016,16.8
"Thailand","THA",1998,15
"Thailand","THA",1997,17.2
"Thailand","THA",2013,18.4
"Thailand","THA",2005,17.5
"Thailand","THA",1996,17.7
"Thailand","THA",2019,16.1
"Thailand","THA",2015,17.6
"Thailand","THA",1999,13.9
"Thailand","THA",2006,16.7
"Thailand","THA",1995,17.3
"Thailand","THA",2017,16.3
"Thailand","THA",2012,16.8
"Thailand","THA",2004,16.3
"Thailand","THA",2018,16.5
"Thailand","THA",2010,16.1
"Thailand","THA",2007,16.2
"Thailand","THA",2008,16.3
"Thailand","THA",2003,15.8
"Thailand","THA",2002,14.7
"Thailand","THA",2014,17.3
"Thailand","THA",2000,14.1
"Thailand","THA",2009,15.3
"Thailand","THA",2001,14.3
"Thailand","THA",2011,17.7
"Timor-Leste, Dem. Rep. of","TLS",2017,20
"Timor-Leste, Dem. Rep. of","TLS",2016,15
"Timor-Leste, Dem. Rep. of","TLS",2018,25.2
"Timor-Leste, Dem. Rep. of","TLS",2019,27.7
"Timor-Leste, Dem. Rep. of","TLS",2014,62.8
"Timor-Leste, Dem. Rep. of","TLS",2013,93.9
"Timor-Leste, Dem. Rep. of","TLS",2015,36.1
"Timor-Leste, Dem. Rep. of","TLS",2011,133.9
"Timor-Leste, Dem. Rep. of","TLS",2012,149.3
"Timor-Leste, Dem. Rep. of","TLS",2010,110.2
"Tunisia","TUN",2009,20.5
"Tunisia","TUN",2012,21.6
"Tunisia","TUN",2011,21.5
"Tunisia","TUN",2008,20.9
"Tunisia","TUN",2010,20.6
"Turkey","TUR",2016,18.7
"Turkey","TUR",2012,18.6
"Turkey","TUR",2014,18.5
"Turkey","TUR",2015,18.7
"Turkey","TUR",2008,18.1
"Turkey","TUR",2017,18.1
"Turkey","TUR",2018,17.6
"Turkey","TUR",2019,16.9
"Turkey","TUR",2009,18.5
"Turkey","TUR",2010,19.4
"Turkey","TUR",2013,18.9
"Turkey","TUR",2011,19.1
"Uganda","UGA",2015,10.5
"Uganda","UGA",2017,11.1
"Uganda","UGA",2018,11.2
"Uganda","UGA",2019,11.7
"Uganda","UGA",2016,10.8
"Ukraine","UKR",2018,26
"Ukraine","UKR",2013,23.2
"Ukraine","UKR",2015,24.9
"Ukraine","UKR",2017,25.8
"Ukraine","UKR",2012,24.4
"Ukraine","UKR",2011,24.1
"Ukraine","UKR",2002,20.3
"Ukraine","UKR",2003,20.5
"Ukraine","UKR",2016,25.1
"Ukraine","UKR",2014,22.3
"Ukraine","UKR",2009,22.9
"Ukraine","UKR",2019,25.5
"Ukraine","UKR",2001,19.6
"Ukraine","UKR",2005,22.3
"Ukraine","UKR",2007,22.3
"Ukraine","UKR",2004,18.5
"Ukraine","UKR",2010,21.8
"Ukraine","UKR",2008,23.9
"Ukraine","UKR",2006,23.2
"United Arab Emirates","ARE",2019,14.8
"United Arab Emirates","ARE",2013,22
"United Arab Emirates","ARE",2018,13.7
"United Arab Emirates","ARE",2014,18.6
"United Arab Emirates","ARE",2011,21.6
"United Arab Emirates","ARE",2016,8.3
"United Arab Emirates","ARE",2012,22.4
"United Arab Emirates","ARE",2017,11.5
"United Arab Emirates","ARE",2015,12.2
"United Kingdom","GBR",2019,27
"United Kingdom","GBR",2011,27.3
"United Kingdom","GBR",2012,26.6
"United Kingdom","GBR",2013,26.6
"United Kingdom","GBR",2014,26.3
"United Kingdom","GBR",2010,26.8
"United Kingdom","GBR",2015,26.5
"United Kingdom","GBR",2016,26.9
"United Kingdom","GBR",2017,27.2
"United Kingdom","GBR",2018,27.2
"United Kingdom","GBR",1995,24.3
"United Kingdom","GBR",1996,24.2
"United Kingdom","GBR",1997,24.8
"United Kingdom","GBR",1998,26.1
"United Kingdom","GBR",1999,26.7
"United Kingdom","GBR",2000,27.4
"United Kingdom","GBR",2001,27
"United Kingdom","GBR",2002,26.3
"United Kingdom","GBR",2003,26
"United Kingdom","GBR",2004,26.7
"United Kingdom","GBR",2005,27
"United Kingdom","GBR",2006,27.2
"United Kingdom","GBR",2007,27.4
"United Kingdom","GBR",2008,28
"United Kingdom","GBR",2009,25.7
"United States","USA",1995,19.6
"United States","USA",1996,19.9
"United States","USA",1997,20.3
"United States","USA",1998,20.9
"United States","USA",1999,20.7
"United States","USA",2000,21.5
"United States","USA",2001,20.6
"United States","USA",2002,18.4
"United States","USA",2003,18
"United States","USA",2004,18.3
"United States","USA",2005,19.7
"United States","USA",2006,20.5
"United States","USA",2007,20.5
"United States","USA",2008,19.3
"United States","USA",2009,16.7
"United States","USA",2010,17.3
"United States","USA",2014,19.7
"United States","USA",2018,18.8
"United States","USA",2011,18.3
"United States","USA",2012,18.5
"United States","USA",2013,19.4
"United States","USA",2017,20.6
"United States","USA",2019,18.9
"United States","USA",2016,19.7
"United States","USA",2015,20
"Uzbekistan, Rep. of","UZB",2018,19.8
"Uzbekistan, Rep. of","UZB",2019,19.4
"Uzbekistan, Rep. of","UZB",2017,17.6
"Uzbekistan, Rep. of","UZB",2013,21.1
"Uzbekistan, Rep. of","UZB",2015,20.3
"Uzbekistan, Rep. of","UZB",2016,20
"Uzbekistan, Rep. of","UZB",2011,20.1
"Uzbekistan, Rep. of","UZB",2012,20.6
"Uzbekistan, Rep. of","UZB",2014,20.4
"Yemen, Rep. of","YEM",2004,9.4
"Yemen, Rep. of","YEM",2005,8.9
"Yemen, Rep. of","YEM",2006,7.1
"Yemen, Rep. of","YEM",2007,7.3
"Yemen, Rep. of","YEM",2008,6.9
"Yemen, Rep. of","YEM",2002,9.3
"Yemen, Rep. of","YEM",2003,9
"Yemen, Rep. of","YEM",2010,6.7
"Yemen, Rep. of","YEM",2011,7.4
"Yemen, Rep. of","YEM",2012,6.9
"Yemen, Rep. of","YEM",2009,8
