"dac","dacc","same"
"AUS","AFG",0
"CAN","AFG",0
"FRA","AFG",0
"DEU","AFG",0
"ITA","AFG",0
"JPN","AFG",0
"NLD","AFG",0
"KOR","AFG",0
"ESP","AFG",0
"GBR","AFG",0
"USA","AFG",0
"AUS","ALB",0
"CAN","ALB",0
"FRA","ALB",0
"DEU","ALB",0
"ITA","ALB",0
"JPN","ALB",0
"NLD","ALB",0
"KOR","ALB",0
"ESP","ALB",0
"GBR","ALB",0
"USA","ALB",0
"AUS","DZA",0
"CAN","DZA",0
"FRA","DZA",0
"DEU","DZA",0
"ITA","DZA",0
"JPN","DZA",0
"NLD","DZA",0
"KOR","DZA",0
"ESP","DZA",0
"GBR","DZA",0
"USA","DZA",0
"AUS","ASM",1
"CAN","ASM",1
"FRA","ASM",1
"DEU","ASM",1
"ITA","ASM",1
"JPN","ASM",0
"NLD","ASM",1
"KOR","ASM",0
"ESP","ASM",1
"GBR","ASM",1
"USA","ASM",1
"AUS","AND",1
"CAN","AND",1
"FRA","AND",1
"DEU","AND",1
"ITA","AND",1
"JPN","AND",0
"NLD","AND",1
"KOR","AND",0
"ESP","AND",1
"GBR","AND",1
"USA","AND",1
"AUS","AGO",1
"CAN","AGO",1
"FRA","AGO",1
"DEU","AGO",1
"ITA","AGO",1
"JPN","AGO",0
"NLD","AGO",1
"KOR","AGO",0
"ESP","AGO",1
"GBR","AGO",1
"USA","AGO",1
"AUS","AIA",1
"CAN","AIA",1
"FRA","AIA",1
"DEU","AIA",1
"ITA","AIA",1
"JPN","AIA",0
"NLD","AIA",1
"KOR","AIA",0
"ESP","AIA",1
"GBR","AIA",1
"USA","AIA",1
"AUS","ATG",1
"CAN","ATG",1
"FRA","ATG",1
"DEU","ATG",1
"ITA","ATG",1
"JPN","ATG",0
"NLD","ATG",1
"KOR","ATG",0
"ESP","ATG",1
"GBR","ATG",1
"USA","ATG",1
"AUS","ARG",1
"CAN","ARG",1
"FRA","ARG",1
"DEU","ARG",1
"ITA","ARG",1
"JPN","ARG",0
"NLD","ARG",1
"KOR","ARG",0
"ESP","ARG",1
"GBR","ARG",1
"USA","ARG",1
"AUS","ARM",1
"CAN","ARM",1
"FRA","ARM",1
"DEU","ARM",1
"ITA","ARM",1
"JPN","ARM",0
"NLD","ARM",1
"KOR","ARM",0
"ESP","ARM",1
"GBR","ARM",1
"USA","ARM",1
"AUS","ABW",1
"CAN","ABW",1
"FRA","ABW",1
"DEU","ABW",1
"ITA","ABW",1
"JPN","ABW",0
"NLD","ABW",1
"KOR","ABW",0
"ESP","ABW",1
"GBR","ABW",1
"USA","ABW",1
"AUS","AUT",1
"CAN","AUT",1
"FRA","AUT",1
"DEU","AUT",1
"ITA","AUT",1
"JPN","AUT",0
"NLD","AUT",1
"KOR","AUT",0
"ESP","AUT",1
"GBR","AUT",1
"USA","AUT",1
"AUS","AZE",0
"CAN","AZE",0
"FRA","AZE",0
"DEU","AZE",0
"ITA","AZE",0
"JPN","AZE",0
"NLD","AZE",0
"KOR","AZE",0
"ESP","AZE",0
"GBR","AZE",0
"USA","AZE",0
"AUS","BHS",1
"CAN","BHS",1
"FRA","BHS",1
"DEU","BHS",1
"ITA","BHS",1
"JPN","BHS",0
"NLD","BHS",1
"KOR","BHS",0
"ESP","BHS",1
"GBR","BHS",1
"USA","BHS",1
"AUS","BHR",0
"CAN","BHR",0
"FRA","BHR",0
"DEU","BHR",0
"ITA","BHR",0
"JPN","BHR",0
"NLD","BHR",0
"KOR","BHR",0
"ESP","BHR",0
"GBR","BHR",0
"USA","BHR",0
"AUS","BGD",0
"CAN","BGD",0
"FRA","BGD",0
"DEU","BGD",0
"ITA","BGD",0
"JPN","BGD",0
"NLD","BGD",0
"KOR","BGD",0
"ESP","BGD",0
"GBR","BGD",0
"USA","BGD",0
"AUS","BRB",1
"CAN","BRB",1
"FRA","BRB",1
"DEU","BRB",1
"ITA","BRB",1
"JPN","BRB",0
"NLD","BRB",1
"KOR","BRB",0
"ESP","BRB",1
"GBR","BRB",1
"USA","BRB",1
"AUS","BLR",1
"CAN","BLR",1
"FRA","BLR",1
"DEU","BLR",1
"ITA","BLR",1
"JPN","BLR",0
"NLD","BLR",1
"KOR","BLR",0
"ESP","BLR",1
"GBR","BLR",1
"USA","BLR",1
"AUS","BEL",1
"CAN","BEL",1
"FRA","BEL",1
"DEU","BEL",1
"ITA","BEL",1
"JPN","BEL",0
"NLD","BEL",1
"KOR","BEL",0
"ESP","BEL",1
"GBR","BEL",1
"USA","BEL",1
"AUS","BLZ",1
"CAN","BLZ",1
"FRA","BLZ",1
"DEU","BLZ",1
"ITA","BLZ",1
"JPN","BLZ",0
"NLD","BLZ",1
"KOR","BLZ",0
"ESP","BLZ",1
"GBR","BLZ",1
"USA","BLZ",1
"AUS","BEN",1
"CAN","BEN",1
"FRA","BEN",1
"DEU","BEN",1
"ITA","BEN",1
"JPN","BEN",0
"NLD","BEN",1
"KOR","BEN",0
"ESP","BEN",1
"GBR","BEN",1
"USA","BEN",1
"AUS","BMU",1
"CAN","BMU",1
"FRA","BMU",1
"DEU","BMU",1
"ITA","BMU",1
"JPN","BMU",0
"NLD","BMU",1
"KOR","BMU",0
"ESP","BMU",1
"GBR","BMU",1
"USA","BMU",1
"AUS","BTN",0
"CAN","BTN",0
"FRA","BTN",0
"DEU","BTN",0
"ITA","BTN",0
"JPN","BTN",0
"NLD","BTN",0
"KOR","BTN",0
"ESP","BTN",0
"GBR","BTN",0
"USA","BTN",0
"AUS","BOL",1
"CAN","BOL",1
"FRA","BOL",1
"DEU","BOL",1
"ITA","BOL",1
"JPN","BOL",0
"NLD","BOL",1
"KOR","BOL",0
"ESP","BOL",1
"GBR","BOL",1
"USA","BOL",1
"AUS","BIH",1
"CAN","BIH",1
"FRA","BIH",1
"DEU","BIH",1
"ITA","BIH",1
"JPN","BIH",0
"NLD","BIH",1
"KOR","BIH",0
"ESP","BIH",1
"GBR","BIH",1
"USA","BIH",1
"AUS","BWA",1
"CAN","BWA",1
"FRA","BWA",1
"DEU","BWA",1
"ITA","BWA",1
"JPN","BWA",0
"NLD","BWA",1
"KOR","BWA",0
"ESP","BWA",1
"GBR","BWA",1
"USA","BWA",1
"AUS","BRA",1
"CAN","BRA",1
"FRA","BRA",1
"DEU","BRA",1
"ITA","BRA",1
"JPN","BRA",0
"NLD","BRA",1
"KOR","BRA",0
"ESP","BRA",1
"GBR","BRA",1
"USA","BRA",1
"AUS","VGB",1
"CAN","VGB",1
"FRA","VGB",1
"DEU","VGB",1
"ITA","VGB",1
"JPN","VGB",0
"NLD","VGB",1
"KOR","VGB",0
"ESP","VGB",1
"GBR","VGB",1
"USA","VGB",1
"AUS","BRN",0
"CAN","BRN",0
"FRA","BRN",0
"DEU","BRN",0
"ITA","BRN",0
"JPN","BRN",0
"NLD","BRN",0
"KOR","BRN",0
"ESP","BRN",0
"GBR","BRN",0
"USA","BRN",0
"AUS","BGR",1
"CAN","BGR",1
"FRA","BGR",1
"DEU","BGR",1
"ITA","BGR",1
"JPN","BGR",0
"NLD","BGR",1
"KOR","BGR",0
"ESP","BGR",1
"GBR","BGR",1
"USA","BGR",1
"AUS","BFA",0
"CAN","BFA",0
"FRA","BFA",0
"DEU","BFA",0
"ITA","BFA",0
"JPN","BFA",0
"NLD","BFA",0
"KOR","BFA",0
"ESP","BFA",0
"GBR","BFA",0
"USA","BFA",0
"AUS","BDI",1
"CAN","BDI",1
"FRA","BDI",1
"DEU","BDI",1
"ITA","BDI",1
"JPN","BDI",0
"NLD","BDI",1
"KOR","BDI",0
"ESP","BDI",1
"GBR","BDI",1
"USA","BDI",1
"AUS","KHM",0
"CAN","KHM",0
"FRA","KHM",0
"DEU","KHM",0
"ITA","KHM",0
"JPN","KHM",0
"NLD","KHM",0
"KOR","KHM",0
"ESP","KHM",0
"GBR","KHM",0
"USA","KHM",0
"AUS","CMR",1
"CAN","CMR",1
"FRA","CMR",1
"DEU","CMR",1
"ITA","CMR",1
"JPN","CMR",0
"NLD","CMR",1
"KOR","CMR",0
"ESP","CMR",1
"GBR","CMR",1
"USA","CMR",1
"AUS","CPV",1
"CAN","CPV",1
"FRA","CPV",1
"DEU","CPV",1
"ITA","CPV",1
"JPN","CPV",0
"NLD","CPV",1
"KOR","CPV",0
"ESP","CPV",1
"GBR","CPV",1
"USA","CPV",1
"AUS","CYM",1
"CAN","CYM",1
"FRA","CYM",1
"DEU","CYM",1
"ITA","CYM",1
"JPN","CYM",0
"NLD","CYM",1
"KOR","CYM",0
"ESP","CYM",1
"GBR","CYM",1
"USA","CYM",1
"AUS","CAF",1
"CAN","CAF",1
"FRA","CAF",1
"DEU","CAF",1
"ITA","CAF",1
"JPN","CAF",0
"NLD","CAF",1
"KOR","CAF",0
"ESP","CAF",1
"GBR","CAF",1
"USA","CAF",1
"AUS","TCD",0
"CAN","TCD",0
"FRA","TCD",0
"DEU","TCD",0
"ITA","TCD",0
"JPN","TCD",0
"NLD","TCD",0
"KOR","TCD",0
"ESP","TCD",0
"GBR","TCD",0
"USA","TCD",0
"AUS","CHL",1
"CAN","CHL",1
"FRA","CHL",1
"DEU","CHL",1
"ITA","CHL",1
"JPN","CHL",0
"NLD","CHL",1
"KOR","CHL",0
"ESP","CHL",1
"GBR","CHL",1
"USA","CHL",1
"AUS","CHN",0
"CAN","CHN",0
"FRA","CHN",0
"DEU","CHN",0
"ITA","CHN",0
"JPN","CHN",1
"NLD","CHN",0
"KOR","CHN",1
"ESP","CHN",0
"GBR","CHN",0
"USA","CHN",0
"AUS","COL",1
"CAN","COL",1
"FRA","COL",1
"DEU","COL",1
"ITA","COL",1
"JPN","COL",0
"NLD","COL",1
"KOR","COL",0
"ESP","COL",1
"GBR","COL",1
"USA","COL",1
"AUS","COM",0
"CAN","COM",0
"FRA","COM",0
"DEU","COM",0
"ITA","COM",0
"JPN","COM",0
"NLD","COM",0
"KOR","COM",0
"ESP","COM",0
"GBR","COM",0
"USA","COM",0
"AUS","COG",1
"CAN","COG",1
"FRA","COG",1
"DEU","COG",1
"ITA","COG",1
"JPN","COG",0
"NLD","COG",1
"KOR","COG",0
"ESP","COG",1
"GBR","COG",1
"USA","COG",1
"AUS","COK",1
"CAN","COK",1
"FRA","COK",1
"DEU","COK",1
"ITA","COK",1
"JPN","COK",0
"NLD","COK",1
"KOR","COK",0
"ESP","COK",1
"GBR","COK",1
"USA","COK",1
"AUS","CRI",1
"CAN","CRI",1
"FRA","CRI",1
"DEU","CRI",1
"ITA","CRI",1
"JPN","CRI",0
"NLD","CRI",1
"KOR","CRI",0
"ESP","CRI",1
"GBR","CRI",1
"USA","CRI",1
"AUS","CIV",1
"CAN","CIV",1
"FRA","CIV",1
"DEU","CIV",1
"ITA","CIV",1
"JPN","CIV",0
"NLD","CIV",1
"KOR","CIV",0
"ESP","CIV",1
"GBR","CIV",1
"USA","CIV",1
"AUS","HRV",1
"CAN","HRV",1
"FRA","HRV",1
"DEU","HRV",1
"ITA","HRV",1
"JPN","HRV",0
"NLD","HRV",1
"KOR","HRV",0
"ESP","HRV",1
"GBR","HRV",1
"USA","HRV",1
"AUS","CUB",1
"CAN","CUB",1
"FRA","CUB",1
"DEU","CUB",1
"ITA","CUB",1
"JPN","CUB",0
"NLD","CUB",1
"KOR","CUB",0
"ESP","CUB",1
"GBR","CUB",1
"USA","CUB",1
"AUS","CUW",1
"CAN","CUW",1
"FRA","CUW",1
"DEU","CUW",1
"ITA","CUW",1
"JPN","CUW",0
"NLD","CUW",1
"KOR","CUW",0
"ESP","CUW",1
"GBR","CUW",1
"USA","CUW",1
"AUS","CYP",1
"CAN","CYP",1
"FRA","CYP",1
"DEU","CYP",1
"ITA","CYP",1
"JPN","CYP",0
"NLD","CYP",1
"KOR","CYP",0
"ESP","CYP",1
"GBR","CYP",1
"USA","CYP",1
"AUS","CZE",0
"CAN","CZE",0
"FRA","CZE",0
"DEU","CZE",0
"ITA","CZE",0
"JPN","CZE",1
"NLD","CZE",0
"KOR","CZE",1
"ESP","CZE",0
"GBR","CZE",0
"USA","CZE",0
"AUS","COD",1
"CAN","COD",1
"FRA","COD",1
"DEU","COD",1
"ITA","COD",1
"JPN","COD",0
"NLD","COD",1
"KOR","COD",0
"ESP","COD",1
"GBR","COD",1
"USA","COD",1
"AUS","DNK",1
"CAN","DNK",1
"FRA","DNK",1
"DEU","DNK",1
"ITA","DNK",1
"JPN","DNK",0
"NLD","DNK",1
"KOR","DNK",0
"ESP","DNK",1
"GBR","DNK",1
"USA","DNK",1
"AUS","DJI",0
"CAN","DJI",0
"FRA","DJI",0
"DEU","DJI",0
"ITA","DJI",0
"JPN","DJI",0
"NLD","DJI",0
"KOR","DJI",0
"ESP","DJI",0
"GBR","DJI",0
"USA","DJI",0
"AUS","DMA",1
"CAN","DMA",1
"FRA","DMA",1
"DEU","DMA",1
"ITA","DMA",1
"JPN","DMA",0
"NLD","DMA",1
"KOR","DMA",0
"ESP","DMA",1
"GBR","DMA",1
"USA","DMA",1
"AUS","DOM",1
"CAN","DOM",1
"FRA","DOM",1
"DEU","DOM",1
"ITA","DOM",1
"JPN","DOM",0
"NLD","DOM",1
"KOR","DOM",0
"ESP","DOM",1
"GBR","DOM",1
"USA","DOM",1
"AUS","ECU",1
"CAN","ECU",1
"FRA","ECU",1
"DEU","ECU",1
"ITA","ECU",1
"JPN","ECU",0
"NLD","ECU",1
"KOR","ECU",0
"ESP","ECU",1
"GBR","ECU",1
"USA","ECU",1
"AUS","EGY",0
"CAN","EGY",0
"FRA","EGY",0
"DEU","EGY",0
"ITA","EGY",0
"JPN","EGY",0
"NLD","EGY",0
"KOR","EGY",0
"ESP","EGY",0
"GBR","EGY",0
"USA","EGY",0
"AUS","SLV",1
"CAN","SLV",1
"FRA","SLV",1
"DEU","SLV",1
"ITA","SLV",1
"JPN","SLV",0
"NLD","SLV",1
"KOR","SLV",0
"ESP","SLV",1
"GBR","SLV",1
"USA","SLV",1
"AUS","GNQ",1
"CAN","GNQ",1
"FRA","GNQ",1
"DEU","GNQ",1
"ITA","GNQ",1
"JPN","GNQ",0
"NLD","GNQ",1
"KOR","GNQ",0
"ESP","GNQ",1
"GBR","GNQ",1
"USA","GNQ",1
"AUS","ERI",1
"CAN","ERI",1
"FRA","ERI",1
"DEU","ERI",1
"ITA","ERI",1
"JPN","ERI",0
"NLD","ERI",1
"KOR","ERI",0
"ESP","ERI",1
"GBR","ERI",1
"USA","ERI",1
"AUS","EST",0
"CAN","EST",0
"FRA","EST",0
"DEU","EST",0
"ITA","EST",0
"JPN","EST",1
"NLD","EST",0
"KOR","EST",1
"ESP","EST",0
"GBR","EST",0
"USA","EST",0
"AUS","SWZ",1
"CAN","SWZ",1
"FRA","SWZ",1
"DEU","SWZ",1
"ITA","SWZ",1
"JPN","SWZ",0
"NLD","SWZ",1
"KOR","SWZ",0
"ESP","SWZ",1
"GBR","SWZ",1
"USA","SWZ",1
"AUS","ETH",1
"CAN","ETH",1
"FRA","ETH",1
"DEU","ETH",1
"ITA","ETH",1
"JPN","ETH",0
"NLD","ETH",1
"KOR","ETH",0
"ESP","ETH",1
"GBR","ETH",1
"USA","ETH",1
"AUS","FRO",1
"CAN","FRO",1
"FRA","FRO",1
"DEU","FRO",1
"ITA","FRO",1
"JPN","FRO",0
"NLD","FRO",1
"KOR","FRO",0
"ESP","FRO",1
"GBR","FRO",1
"USA","FRO",1
"AUS","FLK",1
"CAN","FLK",1
"FRA","FLK",1
"DEU","FLK",1
"ITA","FLK",1
"JPN","FLK",0
"NLD","FLK",1
"KOR","FLK",0
"ESP","FLK",1
"GBR","FLK",1
"USA","FLK",1
"AUS","FJI",1
"CAN","FJI",1
"FRA","FJI",1
"DEU","FJI",1
"ITA","FJI",1
"JPN","FJI",0
"NLD","FJI",1
"KOR","FJI",0
"ESP","FJI",1
"GBR","FJI",1
"USA","FJI",1
"AUS","FIN",1
"CAN","FIN",1
"FRA","FIN",1
"DEU","FIN",1
"ITA","FIN",1
"JPN","FIN",0
"NLD","FIN",1
"KOR","FIN",0
"ESP","FIN",1
"GBR","FIN",1
"USA","FIN",1
"AUS","GUF",1
"CAN","GUF",1
"FRA","GUF",1
"DEU","GUF",1
"ITA","GUF",1
"JPN","GUF",0
"NLD","GUF",1
"KOR","GUF",0
"ESP","GUF",1
"GBR","GUF",1
"USA","GUF",1
"AUS","PYF",1
"CAN","PYF",1
"FRA","PYF",1
"DEU","PYF",1
"ITA","PYF",1
"JPN","PYF",0
"NLD","PYF",1
"KOR","PYF",0
"ESP","PYF",1
"GBR","PYF",1
"USA","PYF",1
"AUS","GAB",1
"CAN","GAB",1
"FRA","GAB",1
"DEU","GAB",1
"ITA","GAB",1
"JPN","GAB",0
"NLD","GAB",1
"KOR","GAB",0
"ESP","GAB",1
"GBR","GAB",1
"USA","GAB",1
"AUS","GMB",0
"CAN","GMB",0
"FRA","GMB",0
"DEU","GMB",0
"ITA","GMB",0
"JPN","GMB",0
"NLD","GMB",0
"KOR","GMB",0
"ESP","GMB",0
"GBR","GMB",0
"USA","GMB",0
"AUS","GEO",1
"CAN","GEO",1
"FRA","GEO",1
"DEU","GEO",1
"ITA","GEO",1
"JPN","GEO",0
"NLD","GEO",1
"KOR","GEO",0
"ESP","GEO",1
"GBR","GEO",1
"USA","GEO",1
"AUS","GHA",1
"CAN","GHA",1
"FRA","GHA",1
"DEU","GHA",1
"ITA","GHA",1
"JPN","GHA",0
"NLD","GHA",1
"KOR","GHA",0
"ESP","GHA",1
"GBR","GHA",1
"USA","GHA",1
"AUS","GIB",1
"CAN","GIB",1
"FRA","GIB",1
"DEU","GIB",1
"ITA","GIB",1
"JPN","GIB",0
"NLD","GIB",1
"KOR","GIB",0
"ESP","GIB",1
"GBR","GIB",1
"USA","GIB",1
"AUS","GRC",1
"CAN","GRC",1
"FRA","GRC",1
"DEU","GRC",1
"ITA","GRC",1
"JPN","GRC",0
"NLD","GRC",1
"KOR","GRC",0
"ESP","GRC",1
"GBR","GRC",1
"USA","GRC",1
"AUS","GRL",1
"CAN","GRL",1
"FRA","GRL",1
"DEU","GRL",1
"ITA","GRL",1
"JPN","GRL",0
"NLD","GRL",1
"KOR","GRL",0
"ESP","GRL",1
"GBR","GRL",1
"USA","GRL",1
"AUS","GRD",1
"CAN","GRD",1
"FRA","GRD",1
"DEU","GRD",1
"ITA","GRD",1
"JPN","GRD",0
"NLD","GRD",1
"KOR","GRD",0
"ESP","GRD",1
"GBR","GRD",1
"USA","GRD",1
"AUS","GLP",1
"CAN","GLP",1
"FRA","GLP",1
"DEU","GLP",1
"ITA","GLP",1
"JPN","GLP",0
"NLD","GLP",1
"KOR","GLP",0
"ESP","GLP",1
"GBR","GLP",1
"USA","GLP",1
"AUS","GUM",1
"CAN","GUM",1
"FRA","GUM",1
"DEU","GUM",1
"ITA","GUM",1
"JPN","GUM",0
"NLD","GUM",1
"KOR","GUM",0
"ESP","GUM",1
"GBR","GUM",1
"USA","GUM",1
"AUS","GTM",1
"CAN","GTM",1
"FRA","GTM",1
"DEU","GTM",1
"ITA","GTM",1
"JPN","GTM",0
"NLD","GTM",1
"KOR","GTM",0
"ESP","GTM",1
"GBR","GTM",1
"USA","GTM",1
"AUS","GIN",0
"CAN","GIN",0
"FRA","GIN",0
"DEU","GIN",0
"ITA","GIN",0
"JPN","GIN",0
"NLD","GIN",0
"KOR","GIN",0
"ESP","GIN",0
"GBR","GIN",0
"USA","GIN",0
"AUS","GNB",0
"CAN","GNB",0
"FRA","GNB",0
"DEU","GNB",0
"ITA","GNB",0
"JPN","GNB",0
"NLD","GNB",0
"KOR","GNB",0
"ESP","GNB",0
"GBR","GNB",0
"USA","GNB",0
"AUS","GUY",1
"CAN","GUY",1
"FRA","GUY",1
"DEU","GUY",1
"ITA","GUY",1
"JPN","GUY",0
"NLD","GUY",1
"KOR","GUY",0
"ESP","GUY",1
"GBR","GUY",1
"USA","GUY",1
"AUS","HTI",1
"CAN","HTI",1
"FRA","HTI",1
"DEU","HTI",1
"ITA","HTI",1
"JPN","HTI",0
"NLD","HTI",1
"KOR","HTI",0
"ESP","HTI",1
"GBR","HTI",1
"USA","HTI",1
"AUS","HND",1
"CAN","HND",1
"FRA","HND",1
"DEU","HND",1
"ITA","HND",1
"JPN","HND",0
"NLD","HND",1
"KOR","HND",0
"ESP","HND",1
"GBR","HND",1
"USA","HND",1
"AUS","HKG",0
"CAN","HKG",0
"FRA","HKG",0
"DEU","HKG",0
"ITA","HKG",0
"JPN","HKG",1
"NLD","HKG",0
"KOR","HKG",1
"ESP","HKG",0
"GBR","HKG",0
"USA","HKG",0
"AUS","HUN",1
"CAN","HUN",1
"FRA","HUN",1
"DEU","HUN",1
"ITA","HUN",1
"JPN","HUN",0
"NLD","HUN",1
"KOR","HUN",0
"ESP","HUN",1
"GBR","HUN",1
"USA","HUN",1
"AUS","ISL",1
"CAN","ISL",1
"FRA","ISL",1
"DEU","ISL",1
"ITA","ISL",1
"JPN","ISL",0
"NLD","ISL",1
"KOR","ISL",0
"ESP","ISL",1
"GBR","ISL",1
"USA","ISL",1
"AUS","IND",0
"CAN","IND",0
"FRA","IND",0
"DEU","IND",0
"ITA","IND",0
"JPN","IND",0
"NLD","IND",0
"KOR","IND",0
"ESP","IND",0
"GBR","IND",0
"USA","IND",0
"AUS","IDN",0
"CAN","IDN",0
"FRA","IDN",0
"DEU","IDN",0
"ITA","IDN",0
"JPN","IDN",0
"NLD","IDN",0
"KOR","IDN",0
"ESP","IDN",0
"GBR","IDN",0
"USA","IDN",0
"AUS","IRN",0
"CAN","IRN",0
"FRA","IRN",0
"DEU","IRN",0
"ITA","IRN",0
"JPN","IRN",0
"NLD","IRN",0
"KOR","IRN",0
"ESP","IRN",0
"GBR","IRN",0
"USA","IRN",0
"AUS","IRQ",0
"CAN","IRQ",0
"FRA","IRQ",0
"DEU","IRQ",0
"ITA","IRQ",0
"JPN","IRQ",0
"NLD","IRQ",0
"KOR","IRQ",0
"ESP","IRQ",0
"GBR","IRQ",0
"USA","IRQ",0
"AUS","IRL",1
"CAN","IRL",1
"FRA","IRL",1
"DEU","IRL",1
"ITA","IRL",1
"JPN","IRL",0
"NLD","IRL",1
"KOR","IRL",0
"ESP","IRL",1
"GBR","IRL",1
"USA","IRL",1
"AUS","IMN",1
"CAN","IMN",1
"FRA","IMN",1
"DEU","IMN",1
"ITA","IMN",1
"JPN","IMN",0
"NLD","IMN",1
"KOR","IMN",0
"ESP","IMN",1
"GBR","IMN",1
"USA","IMN",1
"AUS","ISR",0
"CAN","ISR",0
"FRA","ISR",0
"DEU","ISR",0
"ITA","ISR",0
"JPN","ISR",0
"NLD","ISR",0
"KOR","ISR",0
"ESP","ISR",0
"GBR","ISR",0
"USA","ISR",0
"AUS","JAM",1
"CAN","JAM",1
"FRA","JAM",1
"DEU","JAM",1
"ITA","JAM",1
"JPN","JAM",0
"NLD","JAM",1
"KOR","JAM",0
"ESP","JAM",1
"GBR","JAM",1
"USA","JAM",1
"AUS","JOR",0
"CAN","JOR",0
"FRA","JOR",0
"DEU","JOR",0
"ITA","JOR",0
"JPN","JOR",0
"NLD","JOR",0
"KOR","JOR",0
"ESP","JOR",0
"GBR","JOR",0
"USA","JOR",0
"AUS","KAZ",0
"CAN","KAZ",0
"FRA","KAZ",0
"DEU","KAZ",0
"ITA","KAZ",0
"JPN","KAZ",0
"NLD","KAZ",0
"KOR","KAZ",0
"ESP","KAZ",0
"GBR","KAZ",0
"USA","KAZ",0
"AUS","KEN",1
"CAN","KEN",1
"FRA","KEN",1
"DEU","KEN",1
"ITA","KEN",1
"JPN","KEN",0
"NLD","KEN",1
"KOR","KEN",0
"ESP","KEN",1
"GBR","KEN",1
"USA","KEN",1
"AUS","KIR",1
"CAN","KIR",1
"FRA","KIR",1
"DEU","KIR",1
"ITA","KIR",1
"JPN","KIR",0
"NLD","KIR",1
"KOR","KIR",0
"ESP","KIR",1
"GBR","KIR",1
"USA","KIR",1
"AUS","KWT",0
"CAN","KWT",0
"FRA","KWT",0
"DEU","KWT",0
"ITA","KWT",0
"JPN","KWT",0
"NLD","KWT",0
"KOR","KWT",0
"ESP","KWT",0
"GBR","KWT",0
"USA","KWT",0
"AUS","KGZ",0
"CAN","KGZ",0
"FRA","KGZ",0
"DEU","KGZ",0
"ITA","KGZ",0
"JPN","KGZ",0
"NLD","KGZ",0
"KOR","KGZ",0
"ESP","KGZ",0
"GBR","KGZ",0
"USA","KGZ",0
"AUS","LAO",0
"CAN","LAO",0
"FRA","LAO",0
"DEU","LAO",0
"ITA","LAO",0
"JPN","LAO",0
"NLD","LAO",0
"KOR","LAO",0
"ESP","LAO",0
"GBR","LAO",0
"USA","LAO",0
"AUS","LVA",1
"CAN","LVA",1
"FRA","LVA",1
"DEU","LVA",1
"ITA","LVA",1
"JPN","LVA",0
"NLD","LVA",1
"KOR","LVA",0
"ESP","LVA",1
"GBR","LVA",1
"USA","LVA",1
"AUS","LBN",0
"CAN","LBN",0
"FRA","LBN",0
"DEU","LBN",0
"ITA","LBN",0
"JPN","LBN",0
"NLD","LBN",0
"KOR","LBN",0
"ESP","LBN",0
"GBR","LBN",0
"USA","LBN",0
"AUS","LSO",1
"CAN","LSO",1
"FRA","LSO",1
"DEU","LSO",1
"ITA","LSO",1
"JPN","LSO",0
"NLD","LSO",1
"KOR","LSO",0
"ESP","LSO",1
"GBR","LSO",1
"USA","LSO",1
"AUS","LBR",1
"CAN","LBR",1
"FRA","LBR",1
"DEU","LBR",1
"ITA","LBR",1
"JPN","LBR",0
"NLD","LBR",1
"KOR","LBR",0
"ESP","LBR",1
"GBR","LBR",1
"USA","LBR",1
"AUS","LBY",0
"CAN","LBY",0
"FRA","LBY",0
"DEU","LBY",0
"ITA","LBY",0
"JPN","LBY",0
"NLD","LBY",0
"KOR","LBY",0
"ESP","LBY",0
"GBR","LBY",0
"USA","LBY",0
"AUS","LIE",1
"CAN","LIE",1
"FRA","LIE",1
"DEU","LIE",1
"ITA","LIE",1
"JPN","LIE",0
"NLD","LIE",1
"KOR","LIE",0
"ESP","LIE",1
"GBR","LIE",1
"USA","LIE",1
"AUS","LTU",1
"CAN","LTU",1
"FRA","LTU",1
"DEU","LTU",1
"ITA","LTU",1
"JPN","LTU",0
"NLD","LTU",1
"KOR","LTU",0
"ESP","LTU",1
"GBR","LTU",1
"USA","LTU",1
"AUS","LUX",1
"CAN","LUX",1
"FRA","LUX",1
"DEU","LUX",1
"ITA","LUX",1
"JPN","LUX",0
"NLD","LUX",1
"KOR","LUX",0
"ESP","LUX",1
"GBR","LUX",1
"USA","LUX",1
"AUS","MAC",0
"CAN","MAC",0
"FRA","MAC",0
"DEU","MAC",0
"ITA","MAC",0
"JPN","MAC",0
"NLD","MAC",0
"KOR","MAC",0
"ESP","MAC",0
"GBR","MAC",0
"USA","MAC",0
"AUS","MDG",1
"CAN","MDG",1
"FRA","MDG",1
"DEU","MDG",1
"ITA","MDG",1
"JPN","MDG",0
"NLD","MDG",1
"KOR","MDG",0
"ESP","MDG",1
"GBR","MDG",1
"USA","MDG",1
"AUS","MWI",1
"CAN","MWI",1
"FRA","MWI",1
"DEU","MWI",1
"ITA","MWI",1
"JPN","MWI",0
"NLD","MWI",1
"KOR","MWI",0
"ESP","MWI",1
"GBR","MWI",1
"USA","MWI",1
"AUS","MYS",0
"CAN","MYS",0
"FRA","MYS",0
"DEU","MYS",0
"ITA","MYS",0
"JPN","MYS",0
"NLD","MYS",0
"KOR","MYS",0
"ESP","MYS",0
"GBR","MYS",0
"USA","MYS",0
"AUS","MDV",0
"CAN","MDV",0
"FRA","MDV",0
"DEU","MDV",0
"ITA","MDV",0
"JPN","MDV",0
"NLD","MDV",0
"KOR","MDV",0
"ESP","MDV",0
"GBR","MDV",0
"USA","MDV",0
"AUS","MLI",0
"CAN","MLI",0
"FRA","MLI",0
"DEU","MLI",0
"ITA","MLI",0
"JPN","MLI",0
"NLD","MLI",0
"KOR","MLI",0
"ESP","MLI",0
"GBR","MLI",0
"USA","MLI",0
"AUS","MLT",1
"CAN","MLT",1
"FRA","MLT",1
"DEU","MLT",1
"ITA","MLT",1
"JPN","MLT",0
"NLD","MLT",1
"KOR","MLT",0
"ESP","MLT",1
"GBR","MLT",1
"USA","MLT",1
"AUS","MHL",1
"CAN","MHL",1
"FRA","MHL",1
"DEU","MHL",1
"ITA","MHL",1
"JPN","MHL",0
"NLD","MHL",1
"KOR","MHL",0
"ESP","MHL",1
"GBR","MHL",1
"USA","MHL",1
"AUS","MTQ",1
"CAN","MTQ",1
"FRA","MTQ",1
"DEU","MTQ",1
"ITA","MTQ",1
"JPN","MTQ",0
"NLD","MTQ",1
"KOR","MTQ",0
"ESP","MTQ",1
"GBR","MTQ",1
"USA","MTQ",1
"AUS","MRT",0
"CAN","MRT",0
"FRA","MRT",0
"DEU","MRT",0
"ITA","MRT",0
"JPN","MRT",0
"NLD","MRT",0
"KOR","MRT",0
"ESP","MRT",0
"GBR","MRT",0
"USA","MRT",0
"AUS","MUS",0
"CAN","MUS",0
"FRA","MUS",0
"DEU","MUS",0
"ITA","MUS",0
"JPN","MUS",0
"NLD","MUS",0
"KOR","MUS",0
"ESP","MUS",0
"GBR","MUS",0
"USA","MUS",0
"AUS","MYT",0
"CAN","MYT",0
"FRA","MYT",0
"DEU","MYT",0
"ITA","MYT",0
"JPN","MYT",0
"NLD","MYT",0
"KOR","MYT",0
"ESP","MYT",0
"GBR","MYT",0
"USA","MYT",0
"AUS","MEX",1
"CAN","MEX",1
"FRA","MEX",1
"DEU","MEX",1
"ITA","MEX",1
"JPN","MEX",0
"NLD","MEX",1
"KOR","MEX",0
"ESP","MEX",1
"GBR","MEX",1
"USA","MEX",1
"AUS","FSM",1
"CAN","FSM",1
"FRA","FSM",1
"DEU","FSM",1
"ITA","FSM",1
"JPN","FSM",0
"NLD","FSM",1
"KOR","FSM",0
"ESP","FSM",1
"GBR","FSM",1
"USA","FSM",1
"AUS","MDA",1
"CAN","MDA",1
"FRA","MDA",1
"DEU","MDA",1
"ITA","MDA",1
"JPN","MDA",0
"NLD","MDA",1
"KOR","MDA",0
"ESP","MDA",1
"GBR","MDA",1
"USA","MDA",1
"AUS","MCO",1
"CAN","MCO",1
"FRA","MCO",1
"DEU","MCO",1
"ITA","MCO",1
"JPN","MCO",0
"NLD","MCO",1
"KOR","MCO",0
"ESP","MCO",1
"GBR","MCO",1
"USA","MCO",1
"AUS","MNG",0
"CAN","MNG",0
"FRA","MNG",0
"DEU","MNG",0
"ITA","MNG",0
"JPN","MNG",0
"NLD","MNG",0
"KOR","MNG",0
"ESP","MNG",0
"GBR","MNG",0
"USA","MNG",0
"AUS","MNE",1
"CAN","MNE",1
"FRA","MNE",1
"DEU","MNE",1
"ITA","MNE",1
"JPN","MNE",0
"NLD","MNE",1
"KOR","MNE",0
"ESP","MNE",1
"GBR","MNE",1
"USA","MNE",1
"AUS","MSR",1
"CAN","MSR",1
"FRA","MSR",1
"DEU","MSR",1
"ITA","MSR",1
"JPN","MSR",0
"NLD","MSR",1
"KOR","MSR",0
"ESP","MSR",1
"GBR","MSR",1
"USA","MSR",1
"AUS","MAR",0
"CAN","MAR",0
"FRA","MAR",0
"DEU","MAR",0
"ITA","MAR",0
"JPN","MAR",0
"NLD","MAR",0
"KOR","MAR",0
"ESP","MAR",0
"GBR","MAR",0
"USA","MAR",0
"AUS","MOZ",1
"CAN","MOZ",1
"FRA","MOZ",1
"DEU","MOZ",1
"ITA","MOZ",1
"JPN","MOZ",0
"NLD","MOZ",1
"KOR","MOZ",0
"ESP","MOZ",1
"GBR","MOZ",1
"USA","MOZ",1
"AUS","MMR",0
"CAN","MMR",0
"FRA","MMR",0
"DEU","MMR",0
"ITA","MMR",0
"JPN","MMR",0
"NLD","MMR",0
"KOR","MMR",0
"ESP","MMR",0
"GBR","MMR",0
"USA","MMR",0
"AUS","NAM",1
"CAN","NAM",1
"FRA","NAM",1
"DEU","NAM",1
"ITA","NAM",1
"JPN","NAM",0
"NLD","NAM",1
"KOR","NAM",0
"ESP","NAM",1
"GBR","NAM",1
"USA","NAM",1
"AUS","NRU",1
"CAN","NRU",1
"FRA","NRU",1
"DEU","NRU",1
"ITA","NRU",1
"JPN","NRU",0
"NLD","NRU",1
"KOR","NRU",0
"ESP","NRU",1
"GBR","NRU",1
"USA","NRU",1
"AUS","NPL",0
"CAN","NPL",0
"FRA","NPL",0
"DEU","NPL",0
"ITA","NPL",0
"JPN","NPL",0
"NLD","NPL",0
"KOR","NPL",0
"ESP","NPL",0
"GBR","NPL",0
"USA","NPL",0
"AUS","NCL",1
"CAN","NCL",1
"FRA","NCL",1
"DEU","NCL",1
"ITA","NCL",1
"JPN","NCL",0
"NLD","NCL",1
"KOR","NCL",0
"ESP","NCL",1
"GBR","NCL",1
"USA","NCL",1
"AUS","NZL",1
"CAN","NZL",1
"FRA","NZL",1
"DEU","NZL",1
"ITA","NZL",1
"JPN","NZL",0
"NLD","NZL",1
"KOR","NZL",0
"ESP","NZL",1
"GBR","NZL",1
"USA","NZL",1
"AUS","NIC",1
"CAN","NIC",1
"FRA","NIC",1
"DEU","NIC",1
"ITA","NIC",1
"JPN","NIC",0
"NLD","NIC",1
"KOR","NIC",0
"ESP","NIC",1
"GBR","NIC",1
"USA","NIC",1
"AUS","NER",0
"CAN","NER",0
"FRA","NER",0
"DEU","NER",0
"ITA","NER",0
"JPN","NER",0
"NLD","NER",0
"KOR","NER",0
"ESP","NER",0
"GBR","NER",0
"USA","NER",0
"AUS","NGA",1
"CAN","NGA",1
"FRA","NGA",1
"DEU","NGA",1
"ITA","NGA",1
"JPN","NGA",0
"NLD","NGA",1
"KOR","NGA",0
"ESP","NGA",1
"GBR","NGA",1
"USA","NGA",1
"AUS","NIU",1
"CAN","NIU",1
"FRA","NIU",1
"DEU","NIU",1
"ITA","NIU",1
"JPN","NIU",0
"NLD","NIU",1
"KOR","NIU",0
"ESP","NIU",1
"GBR","NIU",1
"USA","NIU",1
"AUS","PRK",0
"CAN","PRK",0
"FRA","PRK",0
"DEU","PRK",0
"ITA","PRK",0
"JPN","PRK",1
"NLD","PRK",0
"KOR","PRK",1
"ESP","PRK",0
"GBR","PRK",0
"USA","PRK",0
"AUS","MKD",1
"CAN","MKD",1
"FRA","MKD",1
"DEU","MKD",1
"ITA","MKD",1
"JPN","MKD",0
"NLD","MKD",1
"KOR","MKD",0
"ESP","MKD",1
"GBR","MKD",1
"USA","MKD",1
"AUS","MNP",1
"CAN","MNP",1
"FRA","MNP",1
"DEU","MNP",1
"ITA","MNP",1
"JPN","MNP",0
"NLD","MNP",1
"KOR","MNP",0
"ESP","MNP",1
"GBR","MNP",1
"USA","MNP",1
"AUS","NOR",1
"CAN","NOR",1
"FRA","NOR",1
"DEU","NOR",1
"ITA","NOR",1
"JPN","NOR",0
"NLD","NOR",1
"KOR","NOR",0
"ESP","NOR",1
"GBR","NOR",1
"USA","NOR",1
"AUS","OMN",0
"CAN","OMN",0
"FRA","OMN",0
"DEU","OMN",0
"ITA","OMN",0
"JPN","OMN",0
"NLD","OMN",0
"KOR","OMN",0
"ESP","OMN",0
"GBR","OMN",0
"USA","OMN",0
"AUS","PAK",0
"CAN","PAK",0
"FRA","PAK",0
"DEU","PAK",0
"ITA","PAK",0
"JPN","PAK",0
"NLD","PAK",0
"KOR","PAK",0
"ESP","PAK",0
"GBR","PAK",0
"USA","PAK",0
"AUS","PLW",1
"CAN","PLW",1
"FRA","PLW",1
"DEU","PLW",1
"ITA","PLW",1
"JPN","PLW",0
"NLD","PLW",1
"KOR","PLW",0
"ESP","PLW",1
"GBR","PLW",1
"USA","PLW",1
"AUS","PSE",0
"CAN","PSE",0
"FRA","PSE",0
"DEU","PSE",0
"ITA","PSE",0
"JPN","PSE",0
"NLD","PSE",0
"KOR","PSE",0
"ESP","PSE",0
"GBR","PSE",0
"USA","PSE",0
"AUS","PAN",1
"CAN","PAN",1
"FRA","PAN",1
"DEU","PAN",1
"ITA","PAN",1
"JPN","PAN",0
"NLD","PAN",1
"KOR","PAN",0
"ESP","PAN",1
"GBR","PAN",1
"USA","PAN",1
"AUS","PNG",1
"CAN","PNG",1
"FRA","PNG",1
"DEU","PNG",1
"ITA","PNG",1
"JPN","PNG",0
"NLD","PNG",1
"KOR","PNG",0
"ESP","PNG",1
"GBR","PNG",1
"USA","PNG",1
"AUS","PRY",1
"CAN","PRY",1
"FRA","PRY",1
"DEU","PRY",1
"ITA","PRY",1
"JPN","PRY",0
"NLD","PRY",1
"KOR","PRY",0
"ESP","PRY",1
"GBR","PRY",1
"USA","PRY",1
"AUS","PER",1
"CAN","PER",1
"FRA","PER",1
"DEU","PER",1
"ITA","PER",1
"JPN","PER",0
"NLD","PER",1
"KOR","PER",0
"ESP","PER",1
"GBR","PER",1
"USA","PER",1
"AUS","PHL",1
"CAN","PHL",1
"FRA","PHL",1
"DEU","PHL",1
"ITA","PHL",1
"JPN","PHL",0
"NLD","PHL",1
"KOR","PHL",0
"ESP","PHL",1
"GBR","PHL",1
"USA","PHL",1
"AUS","POL",1
"CAN","POL",1
"FRA","POL",1
"DEU","POL",1
"ITA","POL",1
"JPN","POL",0
"NLD","POL",1
"KOR","POL",0
"ESP","POL",1
"GBR","POL",1
"USA","POL",1
"AUS","PRT",1
"CAN","PRT",1
"FRA","PRT",1
"DEU","PRT",1
"ITA","PRT",1
"JPN","PRT",0
"NLD","PRT",1
"KOR","PRT",0
"ESP","PRT",1
"GBR","PRT",1
"USA","PRT",1
"AUS","PRI",1
"CAN","PRI",1
"FRA","PRI",1
"DEU","PRI",1
"ITA","PRI",1
"JPN","PRI",0
"NLD","PRI",1
"KOR","PRI",0
"ESP","PRI",1
"GBR","PRI",1
"USA","PRI",1
"AUS","QAT",0
"CAN","QAT",0
"FRA","QAT",0
"DEU","QAT",0
"ITA","QAT",0
"JPN","QAT",0
"NLD","QAT",0
"KOR","QAT",0
"ESP","QAT",0
"GBR","QAT",0
"USA","QAT",0
"AUS","REU",1
"CAN","REU",1
"FRA","REU",1
"DEU","REU",1
"ITA","REU",1
"JPN","REU",0
"NLD","REU",1
"KOR","REU",0
"ESP","REU",1
"GBR","REU",1
"USA","REU",1
"AUS","ROU",1
"CAN","ROU",1
"FRA","ROU",1
"DEU","ROU",1
"ITA","ROU",1
"JPN","ROU",0
"NLD","ROU",1
"KOR","ROU",0
"ESP","ROU",1
"GBR","ROU",1
"USA","ROU",1
"AUS","RUS",1
"CAN","RUS",1
"FRA","RUS",1
"DEU","RUS",1
"ITA","RUS",1
"JPN","RUS",0
"NLD","RUS",1
"KOR","RUS",0
"ESP","RUS",1
"GBR","RUS",1
"USA","RUS",1
"AUS","RWA",1
"CAN","RWA",1
"FRA","RWA",1
"DEU","RWA",1
"ITA","RWA",1
"JPN","RWA",0
"NLD","RWA",1
"KOR","RWA",0
"ESP","RWA",1
"GBR","RWA",1
"USA","RWA",1
"AUS","SHN",1
"CAN","SHN",1
"FRA","SHN",1
"DEU","SHN",1
"ITA","SHN",1
"JPN","SHN",0
"NLD","SHN",1
"KOR","SHN",0
"ESP","SHN",1
"GBR","SHN",1
"USA","SHN",1
"AUS","KNA",1
"CAN","KNA",1
"FRA","KNA",1
"DEU","KNA",1
"ITA","KNA",1
"JPN","KNA",0
"NLD","KNA",1
"KOR","KNA",0
"ESP","KNA",1
"GBR","KNA",1
"USA","KNA",1
"AUS","LCA",1
"CAN","LCA",1
"FRA","LCA",1
"DEU","LCA",1
"ITA","LCA",1
"JPN","LCA",0
"NLD","LCA",1
"KOR","LCA",0
"ESP","LCA",1
"GBR","LCA",1
"USA","LCA",1
"AUS","SPM",1
"CAN","SPM",1
"FRA","SPM",1
"DEU","SPM",1
"ITA","SPM",1
"JPN","SPM",0
"NLD","SPM",1
"KOR","SPM",0
"ESP","SPM",1
"GBR","SPM",1
"USA","SPM",1
"AUS","VCT",1
"CAN","VCT",1
"FRA","VCT",1
"DEU","VCT",1
"ITA","VCT",1
"JPN","VCT",0
"NLD","VCT",1
"KOR","VCT",0
"ESP","VCT",1
"GBR","VCT",1
"USA","VCT",1
"AUS","WSM",1
"CAN","WSM",1
"FRA","WSM",1
"DEU","WSM",1
"ITA","WSM",1
"JPN","WSM",0
"NLD","WSM",1
"KOR","WSM",0
"ESP","WSM",1
"GBR","WSM",1
"USA","WSM",1
"AUS","SMR",1
"CAN","SMR",1
"FRA","SMR",1
"DEU","SMR",1
"ITA","SMR",1
"JPN","SMR",0
"NLD","SMR",1
"KOR","SMR",0
"ESP","SMR",1
"GBR","SMR",1
"USA","SMR",1
"AUS","STP",1
"CAN","STP",1
"FRA","STP",1
"DEU","STP",1
"ITA","STP",1
"JPN","STP",0
"NLD","STP",1
"KOR","STP",0
"ESP","STP",1
"GBR","STP",1
"USA","STP",1
"AUS","SAU",0
"CAN","SAU",0
"FRA","SAU",0
"DEU","SAU",0
"ITA","SAU",0
"JPN","SAU",0
"NLD","SAU",0
"KOR","SAU",0
"ESP","SAU",0
"GBR","SAU",0
"USA","SAU",0
"AUS","SEN",0
"CAN","SEN",0
"FRA","SEN",0
"DEU","SEN",0
"ITA","SEN",0
"JPN","SEN",0
"NLD","SEN",0
"KOR","SEN",0
"ESP","SEN",0
"GBR","SEN",0
"USA","SEN",0
"AUS","SRB",1
"CAN","SRB",1
"FRA","SRB",1
"DEU","SRB",1
"ITA","SRB",1
"JPN","SRB",0
"NLD","SRB",1
"KOR","SRB",0
"ESP","SRB",1
"GBR","SRB",1
"USA","SRB",1
"AUS","SYC",1
"CAN","SYC",1
"FRA","SYC",1
"DEU","SYC",1
"ITA","SYC",1
"JPN","SYC",0
"NLD","SYC",1
"KOR","SYC",0
"ESP","SYC",1
"GBR","SYC",1
"USA","SYC",1
"AUS","SLE",0
"CAN","SLE",0
"FRA","SLE",0
"DEU","SLE",0
"ITA","SLE",0
"JPN","SLE",0
"NLD","SLE",0
"KOR","SLE",0
"ESP","SLE",0
"GBR","SLE",0
"USA","SLE",0
"AUS","SGP",0
"CAN","SGP",0
"FRA","SGP",0
"DEU","SGP",0
"ITA","SGP",0
"JPN","SGP",0
"NLD","SGP",0
"KOR","SGP",0
"ESP","SGP",0
"GBR","SGP",0
"USA","SGP",0
"AUS","SXM",1
"CAN","SXM",1
"FRA","SXM",1
"DEU","SXM",1
"ITA","SXM",1
"JPN","SXM",0
"NLD","SXM",1
"KOR","SXM",0
"ESP","SXM",1
"GBR","SXM",1
"USA","SXM",1
"AUS","SVK",1
"CAN","SVK",1
"FRA","SVK",1
"DEU","SVK",1
"ITA","SVK",1
"JPN","SVK",0
"NLD","SVK",1
"KOR","SVK",0
"ESP","SVK",1
"GBR","SVK",1
"USA","SVK",1
"AUS","SVN",1
"CAN","SVN",1
"FRA","SVN",1
"DEU","SVN",1
"ITA","SVN",1
"JPN","SVN",0
"NLD","SVN",1
"KOR","SVN",0
"ESP","SVN",1
"GBR","SVN",1
"USA","SVN",1
"AUS","SLB",1
"CAN","SLB",1
"FRA","SLB",1
"DEU","SLB",1
"ITA","SLB",1
"JPN","SLB",0
"NLD","SLB",1
"KOR","SLB",0
"ESP","SLB",1
"GBR","SLB",1
"USA","SLB",1
"AUS","SOM",0
"CAN","SOM",0
"FRA","SOM",0
"DEU","SOM",0
"ITA","SOM",0
"JPN","SOM",0
"NLD","SOM",0
"KOR","SOM",0
"ESP","SOM",0
"GBR","SOM",0
"USA","SOM",0
"AUS","ZAF",1
"CAN","ZAF",1
"FRA","ZAF",1
"DEU","ZAF",1
"ITA","ZAF",1
"JPN","ZAF",0
"NLD","ZAF",1
"KOR","ZAF",0
"ESP","ZAF",1
"GBR","ZAF",1
"USA","ZAF",1
"AUS","SSD",1
"CAN","SSD",1
"FRA","SSD",1
"DEU","SSD",1
"ITA","SSD",1
"JPN","SSD",0
"NLD","SSD",1
"KOR","SSD",0
"ESP","SSD",1
"GBR","SSD",1
"USA","SSD",1
"AUS","LKA",0
"CAN","LKA",0
"FRA","LKA",0
"DEU","LKA",0
"ITA","LKA",0
"JPN","LKA",0
"NLD","LKA",0
"KOR","LKA",0
"ESP","LKA",0
"GBR","LKA",0
"USA","LKA",0
"AUS","SDN",0
"CAN","SDN",0
"FRA","SDN",0
"DEU","SDN",0
"ITA","SDN",0
"JPN","SDN",0
"NLD","SDN",0
"KOR","SDN",0
"ESP","SDN",0
"GBR","SDN",0
"USA","SDN",0
"AUS","SUR",1
"CAN","SUR",1
"FRA","SUR",1
"DEU","SUR",1
"ITA","SUR",1
"JPN","SUR",0
"NLD","SUR",1
"KOR","SUR",0
"ESP","SUR",1
"GBR","SUR",1
"USA","SUR",1
"AUS","SWE",1
"CAN","SWE",1
"FRA","SWE",1
"DEU","SWE",1
"ITA","SWE",1
"JPN","SWE",0
"NLD","SWE",1
"KOR","SWE",0
"ESP","SWE",1
"GBR","SWE",1
"USA","SWE",1
"AUS","CHE",1
"CAN","CHE",1
"FRA","CHE",1
"DEU","CHE",1
"ITA","CHE",1
"JPN","CHE",0
"NLD","CHE",1
"KOR","CHE",0
"ESP","CHE",1
"GBR","CHE",1
"USA","CHE",1
"AUS","SYR",0
"CAN","SYR",0
"FRA","SYR",0
"DEU","SYR",0
"ITA","SYR",0
"JPN","SYR",0
"NLD","SYR",0
"KOR","SYR",0
"ESP","SYR",0
"GBR","SYR",0
"USA","SYR",0
"AUS","TJK",0
"CAN","TJK",0
"FRA","TJK",0
"DEU","TJK",0
"ITA","TJK",0
"JPN","TJK",0
"NLD","TJK",0
"KOR","TJK",0
"ESP","TJK",0
"GBR","TJK",0
"USA","TJK",0
"AUS","TZA",1
"CAN","TZA",1
"FRA","TZA",1
"DEU","TZA",1
"ITA","TZA",1
"JPN","TZA",0
"NLD","TZA",1
"KOR","TZA",0
"ESP","TZA",1
"GBR","TZA",1
"USA","TZA",1
"AUS","THA",0
"CAN","THA",0
"FRA","THA",0
"DEU","THA",0
"ITA","THA",0
"JPN","THA",0
"NLD","THA",0
"KOR","THA",0
"ESP","THA",0
"GBR","THA",0
"USA","THA",0
"AUS","TLS",1
"CAN","TLS",1
"FRA","TLS",1
"DEU","TLS",1
"ITA","TLS",1
"JPN","TLS",0
"NLD","TLS",1
"KOR","TLS",0
"ESP","TLS",1
"GBR","TLS",1
"USA","TLS",1
"AUS","TGO",1
"CAN","TGO",1
"FRA","TGO",1
"DEU","TGO",1
"ITA","TGO",1
"JPN","TGO",0
"NLD","TGO",1
"KOR","TGO",0
"ESP","TGO",1
"GBR","TGO",1
"USA","TGO",1
"AUS","TKL",1
"CAN","TKL",1
"FRA","TKL",1
"DEU","TKL",1
"ITA","TKL",1
"JPN","TKL",0
"NLD","TKL",1
"KOR","TKL",0
"ESP","TKL",1
"GBR","TKL",1
"USA","TKL",1
"AUS","TON",1
"CAN","TON",1
"FRA","TON",1
"DEU","TON",1
"ITA","TON",1
"JPN","TON",0
"NLD","TON",1
"KOR","TON",0
"ESP","TON",1
"GBR","TON",1
"USA","TON",1
"AUS","TTO",1
"CAN","TTO",1
"FRA","TTO",1
"DEU","TTO",1
"ITA","TTO",1
"JPN","TTO",0
"NLD","TTO",1
"KOR","TTO",0
"ESP","TTO",1
"GBR","TTO",1
"USA","TTO",1
"AUS","TUN",0
"CAN","TUN",0
"FRA","TUN",0
"DEU","TUN",0
"ITA","TUN",0
"JPN","TUN",0
"NLD","TUN",0
"KOR","TUN",0
"ESP","TUN",0
"GBR","TUN",0
"USA","TUN",0
"AUS","TUR",0
"CAN","TUR",0
"FRA","TUR",0
"DEU","TUR",0
"ITA","TUR",0
"JPN","TUR",0
"NLD","TUR",0
"KOR","TUR",0
"ESP","TUR",0
"GBR","TUR",0
"USA","TUR",0
"AUS","TKM",0
"CAN","TKM",0
"FRA","TKM",0
"DEU","TKM",0
"ITA","TKM",0
"JPN","TKM",0
"NLD","TKM",0
"KOR","TKM",0
"ESP","TKM",0
"GBR","TKM",0
"USA","TKM",0
"AUS","TCA",1
"CAN","TCA",1
"FRA","TCA",1
"DEU","TCA",1
"ITA","TCA",1
"JPN","TCA",0
"NLD","TCA",1
"KOR","TCA",0
"ESP","TCA",1
"GBR","TCA",1
"USA","TCA",1
"AUS","TUV",1
"CAN","TUV",1
"FRA","TUV",1
"DEU","TUV",1
"ITA","TUV",1
"JPN","TUV",0
"NLD","TUV",1
"KOR","TUV",0
"ESP","TUV",1
"GBR","TUV",1
"USA","TUV",1
"AUS","UGA",1
"CAN","UGA",1
"FRA","UGA",1
"DEU","UGA",1
"ITA","UGA",1
"JPN","UGA",0
"NLD","UGA",1
"KOR","UGA",0
"ESP","UGA",1
"GBR","UGA",1
"USA","UGA",1
"AUS","UKR",1
"CAN","UKR",1
"FRA","UKR",1
"DEU","UKR",1
"ITA","UKR",1
"JPN","UKR",0
"NLD","UKR",1
"KOR","UKR",0
"ESP","UKR",1
"GBR","UKR",1
"USA","UKR",1
"AUS","ARE",0
"CAN","ARE",0
"FRA","ARE",0
"DEU","ARE",0
"ITA","ARE",0
"JPN","ARE",0
"NLD","ARE",0
"KOR","ARE",0
"ESP","ARE",0
"GBR","ARE",0
"USA","ARE",0
"AUS","VIR",1
"CAN","VIR",1
"FRA","VIR",1
"DEU","VIR",1
"ITA","VIR",1
"JPN","VIR",0
"NLD","VIR",1
"KOR","VIR",0
"ESP","VIR",1
"GBR","VIR",1
"USA","VIR",1
"AUS","URY",1
"CAN","URY",1
"FRA","URY",1
"DEU","URY",1
"ITA","URY",1
"JPN","URY",0
"NLD","URY",1
"KOR","URY",0
"ESP","URY",1
"GBR","URY",1
"USA","URY",1
"AUS","UZB",0
"CAN","UZB",0
"FRA","UZB",0
"DEU","UZB",0
"ITA","UZB",0
"JPN","UZB",0
"NLD","UZB",0
"KOR","UZB",0
"ESP","UZB",0
"GBR","UZB",0
"USA","UZB",0
"AUS","VUT",1
"CAN","VUT",1
"FRA","VUT",1
"DEU","VUT",1
"ITA","VUT",1
"JPN","VUT",0
"NLD","VUT",1
"KOR","VUT",0
"ESP","VUT",1
"GBR","VUT",1
"USA","VUT",1
"AUS","VAT",1
"CAN","VAT",1
"FRA","VAT",1
"DEU","VAT",1
"ITA","VAT",1
"JPN","VAT",0
"NLD","VAT",1
"KOR","VAT",0
"ESP","VAT",1
"GBR","VAT",1
"USA","VAT",1
"AUS","VEN",1
"CAN","VEN",1
"FRA","VEN",1
"DEU","VEN",1
"ITA","VEN",1
"JPN","VEN",0
"NLD","VEN",1
"KOR","VEN",0
"ESP","VEN",1
"GBR","VEN",1
"USA","VEN",1
"AUS","VNM",0
"CAN","VNM",0
"FRA","VNM",0
"DEU","VNM",0
"ITA","VNM",0
"JPN","VNM",0
"NLD","VNM",0
"KOR","VNM",0
"ESP","VNM",0
"GBR","VNM",0
"USA","VNM",0
"AUS","WLF",1
"CAN","WLF",1
"FRA","WLF",1
"DEU","WLF",1
"ITA","WLF",1
"JPN","WLF",0
"NLD","WLF",1
"KOR","WLF",0
"ESP","WLF",1
"GBR","WLF",1
"USA","WLF",1
"AUS","ESH",0
"CAN","ESH",0
"FRA","ESH",0
"DEU","ESH",0
"ITA","ESH",0
"JPN","ESH",0
"NLD","ESH",0
"KOR","ESH",0
"ESP","ESH",0
"GBR","ESH",0
"USA","ESH",0
"AUS","YEM",0
"CAN","YEM",0
"FRA","YEM",0
"DEU","YEM",0
"ITA","YEM",0
"JPN","YEM",0
"NLD","YEM",0
"KOR","YEM",0
"ESP","YEM",0
"GBR","YEM",0
"USA","YEM",0
"AUS","ZMB",1
"CAN","ZMB",1
"FRA","ZMB",1
"DEU","ZMB",1
"ITA","ZMB",1
"JPN","ZMB",0
"NLD","ZMB",1
"KOR","ZMB",0
"ESP","ZMB",1
"GBR","ZMB",1
"USA","ZMB",1
"AUS","ZWE",1
"CAN","ZWE",1
"FRA","ZWE",1
"DEU","ZWE",1
"ITA","ZWE",1
"JPN","ZWE",0
"NLD","ZWE",1
"KOR","ZWE",0
"ESP","ZWE",1
"GBR","ZWE",1
"USA","ZWE",1
